żyrafięciem	żyrafię	subst:sg:inst:n:ncol
żyrafięciu	żyrafię	subst:sg:dat:n:ncol
żyrafiąt	żyrafię	subst:pl:gen:n:ncol
żyrafięcia	żyrafię	subst:sg:gen:n:ncol
żyrafiętom	żyrafię	subst:pl:dat:n:ncol
żyrafięta	żyrafię	subst:pl:voc:n:ncol
żyrafiętach	żyrafię	subst:pl:loc:n:ncol
żyrafięta	żyrafię	subst:pl:nom:n:ncol
żyrafięciu	żyrafię	subst:sg:loc:n:ncol
żyrafięta	żyrafię	subst:pl:acc:n:ncol
żyrafiętami	żyrafię	subst:pl:inst:n:ncol
śpiewających	śpiewające	subst:pl:gen:n:pt
śmieci	śmieć	subst:pl:nom:m3
śmieci	śmieć	subst:pl:voc:m3
śmieci	śmieć	subst:pl:acc:m3
Świerż	Świerże	subst:pl:gen:n:pt
Świerzych	Świerza	subst:pl:gen:f
Świerzej	Świerza	subst:sg:loc:f
Świerzych	Świerza	subst:pl:loc:f
Świerzej	Świerza	subst:sg:dat:f
Świerzym	Świerza	subst:pl:dat:f
Świerzej	Świerza	subst:sg:gen:f
Świerzymi	Świerza	subst:pl:inst:f
Świerzą	Świerza	subst:sg:acc:f
Śreniawitów	Śreniawici	subst:pl:gen:m1:pt
Śreniawitach	Śreniawici	subst:pl:loc:m1:pt
Śreniawici	Śreniawici	subst:pl:nom:m1:pt
Śreniawici	Śreniawici	subst:pl:voc:m1:pt
Śreniawitami	Śreniawici	subst:pl:inst:m1:pt
Śreniawitom	Śreniawici	subst:pl:dat:m1:pt
Śreniawitów	Śreniawici	subst:pl:acc:m1:pt
Ślężanie	Ślężanie	subst:pl:nom:m1:pt
Ślężanach	Ślężanie	subst:pl:loc:m1:pt
Ślężanie	Ślężanie	subst:pl:voc:m1:pt
Ślężanami	Ślężanie	subst:pl:inst:m1:pt
Ślężan	Ślężanie	subst:pl:acc:m1:pt
Ślężan	Ślężanie	subst:pl:gen:m1:pt
Ślężanom	Ślężanie	subst:pl:dat:m1:pt
Łysych	Łyse	subst:pl:gen:n:ncol
Łysych	Łyse	subst:pl:loc:n:ncol
Łysemu	Łyse	subst:sg:dat:n:ncol
Łysem	Łyse	subst:sg:loc:n:ncol
Łysego	Łyse	subst:sg:gen:n:ncol
Łysymi	Łyse	subst:pl:inst:n:ncol
Łysym	Łyse	subst:pl:dat:n:ncol
Łysem	Łyse	subst:sg:inst:n:ncol
złu	zło	subst:sg:loc:n:ncol
zoviraxach	zovirax	subst:pl:loc:m3
zoviraxy	zovirax	subst:pl:nom:m3
zoviraxy	zovirax	subst:pl:voc:m3
zoviraxów	zovirax	subst:pl:gen:m3
zoviraxu	zovirax	subst:sg:gen:m3
zoviraxie	zovirax	subst:sg:loc:m3
zoviraxie	zovirax	subst:sg:voc:m3
zoviraxom	zovirax	subst:pl:dat:m3
zoviraxem	zovirax	subst:sg:inst:m3
zoviraxami	zovirax	subst:pl:inst:m3
zoviraxowi	zovirax	subst:sg:dat:m3
zoviraxy	zovirax	subst:pl:acc:m3
wygłupy	wygłupy	subst:pl:nom:m1:pt
wygłupów	wygłupy	subst:pl:gen:m1:pt
wygłupach	wygłupy	subst:pl:loc:m1:pt
wygłupami	wygłupy	subst:pl:inst:m1:pt
wygłupy	wygłupy	subst:pl:voc:m1:pt
wygłupom	wygłupy	subst:pl:dat:m1:pt
wujkowie	wujkowie	subst:pl:nom:m1:pt
wujkowie	wujkowie	subst:pl:voc:m1:pt
wujków	wujkowie	subst:pl:acc:m1:pt
wujkom	wujkowie	subst:pl:dat:m1:pt
wujkach	wujkowie	subst:pl:loc:m1:pt
wujków	wujkowie	subst:pl:gen:m1:pt
wujkami	wujkowie	subst:pl:inst:m1:pt
wanie	wania	subst:pl:voc:m1
wanie	wania	subst:pl:nom:m1
wajśi	wajśja	subst:sg:dat:m1
wajśi	wajśja	subst:sg:gen:m1
wajśi	wajśja	subst:sg:loc:m1
vaquerzy	vaquero	subst:pl:voc:m1
vaquerzy	vaquero	subst:pl:nom:m1
uropathie	uropathia	subst:pl:nom:f
uropathie	uropathia	subst:pl:voc:f
uropathię	uropathia	subst:sg:acc:f
uropathiami	uropathia	subst:pl:inst:f
uropathio	uropathia	subst:sg:voc:f
uropathiom	uropathia	subst:pl:dat:f
uropathiach	uropathia	subst:pl:loc:f
uropathią	uropathia	subst:sg:inst:f
uropathii	uropathia	subst:sg:dat:f
uropathii	uropathia	subst:pl:gen:f
uropathie	uropathia	subst:pl:acc:f
uropathii	uropathia	subst:sg:gen:f
uropathii	uropathia	subst:sg:loc:f
urochesii	urochesia	subst:sg:dat:f
urochesii	urochesia	subst:sg:gen:f
urochesii	urochesia	subst:sg:loc:f
urochesii	urochesia	subst:pl:gen:f
uniwersaliami	uniwersale	subst:pl:inst:n:ncol
uniwersaliom	uniwersale	subst:pl:dat:n:ncol
uniwersaliów	uniwersale	subst:pl:gen:n:ncol
uniwersalia	uniwersale	subst:pl:nom:n:ncol
uniwersalia	uniwersale	subst:pl:acc:n:ncol
uniwersalia	uniwersale	subst:pl:voc:n:ncol
uniwersaliach	uniwersale	subst:pl:loc:n:ncol
unitarianach	unitarianie	subst:pl:loc:m1:pt
unitarianami	unitarianie	subst:pl:inst:m1:pt
unitarian	unitarianie	subst:pl:acc:m1:pt
unitarian	unitarianie	subst:pl:gen:m1:pt
unitarianom	unitarianie	subst:pl:dat:m1:pt
unitarianie	unitarianie	subst:pl:nom:m1:pt
unitarianie	unitarianie	subst:pl:voc:m1:pt
unisexowi	unisex	subst:sg:dat:m3
unisexy	unisex	subst:pl:acc:m3
unisexów	unisex	subst:pl:gen:m3
unisexu	unisex	subst:sg:gen:m3
unisexom	unisex	subst:pl:dat:m3
unisexy	unisex	subst:pl:nom:m3
unisexie	unisex	subst:sg:voc:m3
unisexach	unisex	subst:pl:loc:m3
unisexami	unisex	subst:pl:inst:m3
unisexem	unisex	subst:sg:inst:m3
unisexy	unisex	subst:pl:voc:m3
unisexie	unisex	subst:sg:loc:m3
umęczon	umęczony	subst:sg:nom:m1
ultrasów	ultrasi	subst:pl:gen:m1:pt
ultrasom	ultrasi	subst:pl:dat:m1:pt
ultrasów	ultrasi	subst:pl:acc:m1:pt
ultrasami	ultrasi	subst:pl:inst:m1:pt
ultrasach	ultrasi	subst:pl:loc:m1:pt
ultrasi	ultrasi	subst:pl:nom:m1:pt
ultrasi	ultrasi	subst:pl:voc:m1:pt
ukrzyżowan	ukrzyżowany	subst:sg:nom:m1
uszy	ucho	subst:pl:acc:n:col
uchem	ucho	subst:sg:inst:n:col
uszy	ucho	subst:pl:voc:n:col
ucho	ucho	subst:sg:nom:n:col
uszu	ucho	subst:pl:gen:n:col
uszów	ucho	subst:pl:gen:n:col
uszyma	ucho	subst:pl:inst:n:col
uszami	ucho	subst:pl:inst:n:col
uszach	ucho	subst:pl:loc:n:col
uszy	ucho	subst:pl:nom:n:col
ucha	ucho	subst:sg:gen:n:col
uchu	ucho	subst:sg:loc:n:col
ucho	ucho	subst:sg:acc:n:col
uszom	ucho	subst:pl:dat:n:col
uchu	ucho	subst:sg:dat:n:col
ucho	ucho	subst:sg:voc:n:col
tysięcy	tysiąc	subst:pl:gen:m3
tysięcy	tysiąc	subst:pl:gen:m2
tysięcy	tysiące	subst:pl:gen:n:pt
tygodniach	tydzień	subst:pl:loc:m3
tygodniu	tydzień	subst:sg:voc:m3
tygodnie	tydzień	subst:pl:acc:m3
tygodnie	tydzień	subst:pl:nom:m3
tygodniami	tydzień	subst:pl:inst:m3
tygodnia	tydzień	subst:sg:gen:m3
tygodnie	tydzień	subst:pl:voc:m3
tygodniowi	tydzień	subst:sg:dat:m3
tygodniu	tydzień	subst:sg:loc:m3
tygodniem	tydzień	subst:sg:inst:m3
tygodni	tydzień	subst:pl:gen:m3
tygodniom	tydzień	subst:pl:dat:m3
tutejsi	tutejszy	subst:pl:voc:m1
tutejsi	tutejszy	subst:pl:nom:m1
trójzioła	trójziele	subst:pl:voc:n:ncol
trójziołach	trójziele	subst:pl:loc:n:ncol
trójziołami	trójziele	subst:pl:inst:n:ncol
trójziołom	trójziele	subst:pl:dat:n:ncol
trójzioła	trójziele	subst:pl:acc:n:ncol
trójziół	trójziele	subst:pl:gen:n:ncol
trójzioła	trójziele	subst:pl:nom:n:ncol
troglobiontie	troglobiont	subst:sg:loc:m2
troglobiontie	troglobiont	subst:sg:voc:m2
tristiów	tristia	subst:pl:gen:n:pt
texami	tex	subst:pl:inst:m3
texie	tex	subst:sg:loc:m3
texach	tex	subst:pl:loc:m3
texie	tex	subst:sg:voc:m3
texy	tex	subst:pl:voc:m3
texy	tex	subst:pl:acc:m3
texów	tex	subst:pl:gen:m3
texom	tex	subst:pl:dat:m3
texem	tex	subst:sg:inst:m3
texowi	tex	subst:sg:dat:m3
texu	tex	subst:sg:gen:m3
texy	tex	subst:pl:nom:m3
tartaglie	tartaglia	subst:pl:voc:m1
tartaglie	tartaglia	subst:pl:nom:m1
tamtego	tamto	subst:sg:gen:n:ncol
tamtemu	tamto	subst:sg:dat:n:ncol
tamtym	tamto	subst:sg:loc:n:ncol
tamtym	tamto	subst:sg:inst:n:ncol
tampaxy	tampax	subst:pl:voc:m3
tampaxu	tampax	subst:sg:gen:m3
tampaxy	tampax	subst:pl:acc:m3
tampaxem	tampax	subst:sg:inst:m3
tampaxowi	tampax	subst:sg:dat:m3
tampaxy	tampax	subst:pl:nom:m3
tampaxów	tampax	subst:pl:gen:m3
tampaxom	tampax	subst:pl:dat:m3
tampaxie	tampax	subst:sg:voc:m3
tampaxach	tampax	subst:pl:loc:m3
tampaxie	tampax	subst:sg:loc:m3
tampaxami	tampax	subst:pl:inst:m3
tallboya	tallboy	subst:sg:gen:m3
tabulatie	tabulat	subst:sg:voc:m2
tabulatie	tabulat	subst:sg:loc:m2
słów	słowa	subst:pl:gen:n:pt
szufel	szufle	subst:pl:gen:n:pt
szpicbródek	szpicbródka	subst:pl:gen:m2
synu	syn	subst:sg:voc:m1
sukien	suknia	subst:pl:gen:f
sukinsynu	sukinsyn	subst:sg:voc:m1
studzien	studnia	subst:pl:gen:f
staruszków	staruszkowie	subst:pl:gen:m1:pt
staruszkowie	staruszkowie	subst:pl:voc:m1:pt
staruszków	staruszkowie	subst:pl:acc:m1:pt
staruszkami	staruszkowie	subst:pl:inst:m1:pt
staruszkach	staruszkowie	subst:pl:loc:m1:pt
staruszkom	staruszkowie	subst:pl:dat:m1:pt
staruszkowie	staruszkowie	subst:pl:nom:m1:pt
stajen	stajnia	subst:pl:gen:f
spermatozoami	spermatozoa	subst:pl:inst:n:pt
spermatozoom	spermatozoa	subst:pl:dat:n:pt
spermatozoów	spermatozoa	subst:pl:gen:n:pt
spermatozoach	spermatozoa	subst:pl:loc:n:pt
sosien	sośnia	subst:pl:gen:f
skurwysynu	skurwysyn	subst:sg:voc:m1
skurczysynu	skurczysyn	subst:sg:voc:m1
skaci	skate	subst:pl:nom:m1
skaci	skate	subst:pl:voc:m1
sirocca	sirocco	subst:pl:acc:m3
sirocca	sirocco	subst:pl:nom:m3
sirocca	sirocco	subst:pl:voc:m3
siroccu	sirocco	subst:sg:dat:m3
sirocców	sirocco	subst:pl:gen:m3
sim	sio	subst:sg:loc:n:ncol
sim	sio	subst:sg:inst:n:ncol
siemu	sio	subst:sg:dat:n:ncol
siego	sio	subst:sg:gen:n:ncol
simplexami	simplex	subst:pl:inst:m3
simplexu	simplex	subst:sg:gen:m3
simplexy	simplex	subst:pl:nom:m3
simplexy	simplex	subst:pl:acc:m3
simplexach	simplex	subst:pl:loc:m3
simplexem	simplex	subst:sg:inst:m3
simplexy	simplex	subst:pl:voc:m3
simplexowi	simplex	subst:sg:dat:m3
simplexie	simplex	subst:sg:voc:m3
simplexów	simplex	subst:pl:gen:m3
simplexom	simplex	subst:pl:dat:m3
simplexie	simplex	subst:sg:loc:m3
shire’om	shire	subst:pl:dat:m2
shire’owi	shire	subst:sg:dat:m2
shire’em	shire	subst:sg:inst:m2
shire՗w	shire	subst:pl:gen:m2
shire’y	shire	subst:pl:nom:m2
shire’ami	shire	subst:pl:inst:m2
shire’y	shire	subst:pl:acc:m2
shire’a	shire	subst:sg:gen:m2
shize	shire	subst:sg:voc:m2
shize	shire	subst:sg:loc:m2
shire’ach	shire	subst:pl:loc:m2
shire’y	shire	subst:pl:voc:m2
shire’a	shire	subst:sg:acc:m2
semtexem	semtex	subst:sg:inst:m3
semtexie	semtex	subst:sg:loc:m3
semtexie	semtex	subst:sg:voc:m3
semtexom	semtex	subst:pl:dat:m3
semtexami	semtex	subst:pl:inst:m3
semtexach	semtex	subst:pl:loc:m3
semtexowi	semtex	subst:sg:dat:m3
semtexy	semtex	subst:pl:voc:m3
semtexu	semtex	subst:sg:gen:m3
semtexy	semtex	subst:pl:acc:m3
semtexy	semtex	subst:pl:nom:m3
semtexów	semtex	subst:pl:gen:m3
sedativom	sedativa	subst:pl:dat:n:pt
sedativami	sedativa	subst:pl:inst:n:pt
sedativów	sedativa	subst:pl:gen:n:pt
sedativach	sedativa	subst:pl:loc:n:pt
sankhie	sankhia	subst:pl:nom:f
sankhię	sankhia	subst:sg:acc:f
sankhie	sankhia	subst:pl:voc:f
sankhii	sankhia	subst:pl:gen:f
sankhii	sankhia	subst:sg:dat:f
sankhiach	sankhia	subst:pl:loc:f
sankhiami	sankhia	subst:pl:inst:f
sankhią	sankhia	subst:sg:inst:f
sankhii	sankhia	subst:sg:gen:f
sankhii	sankhia	subst:sg:loc:f
sankhio	sankhia	subst:sg:voc:f
sankhiom	sankhia	subst:pl:dat:f
sankhie	sankhia	subst:pl:acc:f
samobói	samobój	subst:pl:gen:m2
sabatarian	sabatarianie	subst:pl:acc:m1:pt
sabatarian	sabatarianie	subst:pl:gen:m1:pt
sabatarianie	sabatarianie	subst:pl:nom:m1:pt
sabatarianami	sabatarianie	subst:pl:inst:m1:pt
sabatarianom	sabatarianie	subst:pl:dat:m1:pt
sabatarianie	sabatarianie	subst:pl:voc:m1:pt
sabatarianach	sabatarianie	subst:pl:loc:m1:pt
ręce	ręka	subst:pl:acc:f
ręce	ręka	subst:pl:voc:f
ręce	ręka	subst:pl:nom:f
ręku	ręka	subst:pl:loc:f
rękoma	ręka	subst:pl:inst:f
rzecząpospolitą	rzeczpospolita	subst:sg:inst:f
rzeczypospolita	rzeczpospolita	subst:sg:voc:f
rzeczompospolitym	rzeczpospolita	subst:pl:dat:f
rzecząpospolitą	rzeczpospolita	subst:sg:acc:f
rzeczypospolitej	rzeczpospolita	subst:sg:dat:f
rzeczachpospolitych	rzeczpospolita	subst:pl:gen:f
rzeczypospolite	rzeczpospolita	subst:pl:voc:f
rzeczypospolitej	rzeczpospolita	subst:sg:gen:f
rzeczachpospolitych	rzeczpospolita	subst:pl:loc:f
rzeczypospolitej	rzeczpospolita	subst:sg:loc:f
rzeczypospolite	rzeczpospolita	subst:pl:nom:f
rzeczamipospolitymi	rzeczpospolita	subst:pl:inst:f
rzeczypospolite	rzeczpospolita	subst:pl:acc:f
rozwiedzionymi	rozwiedzeni	subst:pl:inst:m1:pt
rozwiedzionych	rozwiedzeni	subst:pl:gen:m1:pt
rozwiedzionych	rozwiedzeni	subst:pl:loc:m1:pt
rozwiedzeni	rozwiedzeni	subst:pl:nom:m1:pt
rozwiedzeni	rozwiedzeni	subst:pl:voc:m1:pt
rozwiedzionych	rozwiedzeni	subst:pl:acc:m1:pt
rozwiedzionym	rozwiedzeni	subst:pl:dat:m1:pt
roughie	rough	subst:sg:voc:m3
roughie	rough	subst:sg:loc:m3
romea	romeo	depr:pl:voc:m2
romea	romeo	depr:pl:nom:m2
rodzicami	rodzice	subst:pl:inst:m1:pt
rodzicach	rodzice	subst:pl:loc:m1:pt
rodzice	rodzice	subst:pl:nom:m1:pt
rodzice	rodzice	subst:pl:voc:m1:pt
rodzicom	rodzice	subst:pl:dat:m1:pt
rodziców	rodzice	subst:pl:acc:m1:pt
rodziców	rodzice	subst:pl:gen:m1:pt
latka	roczek	subst:pl:voc:m3
latkach	roczek	subst:pl:loc:m3
latka	roczek	subst:pl:nom:m3
latkami	roczek	subst:pl:inst:m3
latek	roczek	subst:pl:gen:m3
latkom	roczek	subst:pl:dat:m3
latka	roczek	subst:pl:acc:m3
regaliami	regale	subst:pl:inst:n:ncol
regaliom	regale	subst:pl:dat:n:ncol
regalia	regale	subst:pl:nom:n:ncol
regalia	regale	subst:pl:voc:n:ncol
regaliach	regale	subst:pl:loc:n:ncol
regalia	regale	subst:pl:acc:n:ncol
regaliów	regale	subst:pl:gen:n:ncol
raznoczyńcach	raznoczyńcy	subst:pl:loc:m1:pt
raznoczyńcami	raznoczyńcy	subst:pl:inst:m1:pt
raznoczyńcom	raznoczyńcy	subst:pl:dat:m1:pt
raznoczyńcy	raznoczyńcy	subst:pl:voc:m1:pt
raznoczyńcy	raznoczyńcy	subst:pl:nom:m1:pt
raznoczyńców	raznoczyńcy	subst:pl:acc:m1:pt
raznoczyńców	raznoczyńcy	subst:pl:gen:m1:pt
rancherzy	ranchero	subst:pl:nom:m1
rancherzy	ranchero	subst:pl:voc:m1
półmiesięcy	półmiesiąc	subst:pl:gen:m3
puttzie	putto	subst:sg:loc:m2
pudźą	pudźa	subst:sg:inst:f
pudźe	pudźa	subst:pl:acc:f
pudźe	pudźa	subst:pl:nom:f
pudźach	pudźa	subst:pl:loc:f
pudźami	pudźa	subst:pl:inst:f
pudźe	pudźa	subst:pl:voc:f
pudź	pudźa	subst:pl:gen:f
pudźi	pudźa	subst:sg:loc:f
pudźi	pudźa	subst:sg:gen:f
pudźo	pudźa	subst:sg:voc:f
pudźę	pudźa	subst:sg:acc:f
pudźi	pudźa	subst:pl:gen:f
pudźom	pudźa	subst:pl:dat:f
pudźi	pudźa	subst:sg:dat:f
przyjaciół	przyjaciel	subst:pl:acc:m1
przyjaciół	przyjaciel	subst:pl:gen:m1
przedniach	przeddzień	subst:pl:loc:m3
przeddziade	przeddziad	depr:pl:nom:m2
przeddziade	przeddziad	depr:pl:voc:m2
przeddziadu	przeddziad	subst:sg:loc:m1
przeddziadu	przeddziad	subst:sg:voc:m1
przechrzcie	przechrzest	subst:sg:loc:m3
protozoów	protozoa	subst:pl:gen:n:pt
protozoom	protozoa	subst:pl:dat:n:pt
protozoach	protozoa	subst:pl:loc:n:pt
protozoami	protozoa	subst:pl:inst:n:pt
prior	priora	subst:pl:gen:n:pt
pocztexu	pocztex	subst:sg:gen:m3
pocztexy	pocztex	subst:pl:acc:m3
pocztexy	pocztex	subst:pl:nom:m3
pocztexów	pocztex	subst:pl:gen:m3
pocztexy	pocztex	subst:pl:voc:m3
pocztexowi	pocztex	subst:sg:dat:m3
pocztexie	pocztex	subst:sg:loc:m3
pocztexie	pocztex	subst:sg:voc:m3
pocztexach	pocztex	subst:pl:loc:m3
pocztexami	pocztex	subst:pl:inst:m3
pocztexem	pocztex	subst:sg:inst:m3
pocztexom	pocztex	subst:pl:dat:m3
piżmowołu	piżmowół	subst:sg:gen:m2
piżmowołu	piżmowół	subst:sg:acc:m2
piór	pióra	subst:pl:gen:n:pt
pikoli	pikolo	subst:pl:acc:m1
pikole	pikolo	subst:pl:voc:m1
pikole	pikolo	subst:pl:nom:m1
pikoli	pikolo	subst:pl:gen:m1
piesi	pieszy	subst:pl:nom:m1
piesi	pieszy	subst:pl:voc:m1
pieniędzy	pieniądz	subst:pl:gen:m3
pieniędzmi	pieniądz	subst:pl:inst:m3
pielmienami	pielmieni	subst:pl:inst:n:pt
pielmienom	pielmieni	subst:pl:dat:n:pt
pielmienów	pielmieni	subst:pl:gen:n:pt
pielmienach	pielmieni	subst:pl:loc:n:pt
piccoli	piccolo	subst:pl:gen:m1
piccole	piccolo	subst:pl:voc:m1
piccole	piccolo	subst:pl:nom:m1
piccoli	piccolo	subst:pl:acc:m1
pewexów	pewex	subst:pl:gen:m3
pewexu	pewex	subst:sg:gen:m3
pewexy	pewex	subst:pl:acc:m3
pewexy	pewex	subst:pl:nom:m3
pewexem	pewex	subst:sg:inst:m3
pewexie	pewex	subst:sg:loc:m3
pewexie	pewex	subst:sg:voc:m3
pewexy	pewex	subst:pl:voc:m3
pewexach	pewex	subst:pl:loc:m3
pewexowi	pewex	subst:sg:dat:m3
pewexami	pewex	subst:pl:inst:m3
pewexom	pewex	subst:pl:dat:m3
periojków	periojkowie	subst:pl:acc:m1:pt
periojkami	periojkowie	subst:pl:inst:m1:pt
periojkom	periojkowie	subst:pl:dat:m1:pt
periojkowie	periojkowie	subst:pl:nom:m1:pt
periojków	periojkowie	subst:pl:gen:m1:pt
periojkowie	periojkowie	subst:pl:voc:m1:pt
periojkach	periojkowie	subst:pl:loc:m1:pt
pentimentu	pentimento	subst:sg:loc:n:ncol
pawęży	pawąż	subst:pl:gen:m3
paramythiom	paramythia	subst:pl:dat:f
paramythii	paramythia	subst:sg:loc:f
paramythii	paramythia	subst:sg:gen:f
paramythio	paramythia	subst:sg:voc:f
paramythie	paramythia	subst:pl:nom:f
paramythie	paramythia	subst:pl:voc:f
paramythii	paramythia	subst:pl:gen:f
paramythie	paramythia	subst:pl:acc:f
paramythię	paramythia	subst:sg:acc:f
paramythią	paramythia	subst:sg:inst:f
paramythiach	paramythia	subst:pl:loc:f
paramythii	paramythia	subst:sg:dat:f
paramythiami	paramythia	subst:pl:inst:f
papli	papla	subst:pl:gen:m1
papli	papla	subst:pl:acc:m1
paparazzi	paparazzo	subst:pl:nom:m1
paparazzi	paparazzo	subst:pl:voc:m1
paparazzim	paparazzo	subst:pl:dat:m1
paparazzimi	paparazzo	subst:pl:inst:m1
paparazzie	paparazzo	depr:pl:voc:m2
paparazzich	paparazzo	subst:pl:acc:m1
paparazzich	paparazzo	subst:pl:gen:m1
paparazzich	paparazzo	subst:pl:loc:m1
paparazzie	paparazzo	depr:pl:nom:m2
pampera	pampero	subst:pl:acc:m3
pamperze	pampero	subst:sg:loc:m3
pampera	pampero	subst:pl:nom:m3
pampera	pampero	subst:pl:voc:m3
paintboxy	paintbox	subst:pl:voc:m3
paintboxu	paintbox	subst:sg:gen:m3
paintboxy	paintbox	subst:pl:acc:m3
paintboxy	paintbox	subst:pl:nom:m3
paintboxie	paintbox	subst:sg:voc:m3
paintboxom	paintbox	subst:pl:dat:m3
paintboxowi	paintbox	subst:sg:dat:m3
paintboxie	paintbox	subst:sg:loc:m3
paintboxach	paintbox	subst:pl:loc:m3
paintboxami	paintbox	subst:pl:inst:m3
paintboxem	paintbox	subst:sg:inst:m3
paintboxów	paintbox	subst:pl:gen:m3
owym	owo	subst:sg:loc:n:ncol
owego	owo	subst:sg:gen:n:ncol
owym	owo	subst:sg:inst:n:ncol
owemu	owo	subst:sg:dat:n:ncol
otrzęsu	otrząs	subst:sg:gen:m3
otrzęsy	otrząs	subst:pl:acc:m3
otrzęsów	otrząs	subst:pl:gen:m3
otrzęsy	otrząs	subst:pl:nom:m3
otrzęsowi	otrząs	subst:sg:dat:m3
otrzęsy	otrząs	subst:pl:voc:m3
otrzęsach	otrząs	subst:pl:loc:m3
otrzęsie	otrząs	subst:sg:voc:m3
otrzęsom	otrząs	subst:pl:dat:m3
otrzęsami	otrząs	subst:pl:inst:m3
otrzęsem	otrząs	subst:sg:inst:m3
otrzęsie	otrząs	subst:sg:loc:m3
opusy	opus	subst:pl:nom:n:ncol
opusie	opus	subst:sg:voc:n:ncol
opusom	opus	subst:pl:dat:n:ncol
opusie	opus	subst:sg:loc:n:ncol
opusowi	opus	subst:sg:dat:n:ncol
opusem	opus	subst:sg:inst:n:ncol
opusach	opus	subst:pl:loc:n:ncol
opusy	opus	subst:pl:acc:n:ncol
opusy	opus	subst:pl:voc:n:ncol
opusu	opus	subst:sg:gen:n:ncol
opusami	opus	subst:pl:inst:n:ncol
opusów	opus	subst:pl:gen:n:ncol
okiem	oko	subst:sg:inst:n:col
ócz	oko	subst:pl:gen:n:col
oczy	oko	subst:pl:acc:n:col
oczy	oko	subst:pl:nom:n:col
oczyma	oko	subst:pl:inst:n:col
oku	oko	subst:sg:dat:n:col
oczom	oko	subst:pl:dat:n:col
oko	oko	subst:sg:acc:n:col
oczu	oko	subst:pl:gen:n:col
oczach	oko	subst:pl:loc:n:col
oczy	oko	subst:pl:voc:n:col
oka	oko	subst:sg:gen:n:col
oku	oko	subst:sg:loc:n:col
oko	oko	subst:sg:nom:n:col
oko	oko	subst:sg:voc:n:col
oczami	oko	subst:pl:inst:n:col
officiami	officium	subst:pl:inst:n:ncol
officiom	officium	subst:pl:dat:n:ncol
officiach	officium	subst:pl:loc:n:ncol
officiów	officium	subst:pl:gen:n:ncol
officia	officium	subst:pl:acc:n:ncol
officia	officium	subst:pl:nom:n:ncol
officia	officium	subst:pl:voc:n:ncol
odiosów	odiosa	subst:pl:gen:n:pt
obrzeży	obrzeża	subst:pl:gen:n:pt
obrzeżom	obrzeża	subst:pl:dat:n:pt
obrzeżami	obrzeża	subst:pl:inst:n:pt
obrzeżach	obrzeża	subst:pl:loc:n:pt
oblubieńcy	oblubieńcy	subst:pl:voc:m1:pt
oblubieńcy	oblubieńcy	subst:pl:nom:m1:pt
oblubieńcami	oblubieńcy	subst:pl:inst:m1:pt
oblubieńców	oblubieńcy	subst:pl:acc:m1:pt
oblubieńcom	oblubieńcy	subst:pl:dat:m1:pt
oblubieńcach	oblubieńcy	subst:pl:loc:m1:pt
oblubieńców	oblubieńcy	subst:pl:gen:m1:pt
nozdrzu	nozdrze	subst:sg:dat:n:col
nozdrzu	nozdrze	subst:sg:loc:n:col
nozdrzem	nozdrze	subst:sg:inst:n:col
nozdrza	nozdrze	subst:pl:acc:n:col
nozdrzom	nozdrze	subst:pl:dat:n:col
nozdrze	nozdrze	subst:sg:acc:n:col
nozdrze	nozdrze	subst:sg:nom:n:col
nozdrze	nozdrze	subst:sg:voc:n:col
nozdrzami	nozdrze	subst:pl:inst:n:col
nozdrza	nozdrze	subst:pl:nom:n:col
nozdrzy	nozdrze	subst:pl:gen:n:col
nozdrza	nozdrze	subst:pl:voc:n:col
nozdrza	nozdrze	subst:sg:gen:n:col
nozdrzach	nozdrze	subst:pl:loc:n:col
nowożeńcy	nowożeńcy	subst:pl:voc:m1:pt
nowożeńcy	nowożeńcy	subst:pl:nom:m1:pt
nowożeńcom	nowożeńcy	subst:pl:dat:m1:pt
nowożeńców	nowożeńcy	subst:pl:acc:m1:pt
nowożeńcami	nowożeńcy	subst:pl:inst:m1:pt
nowożeńców	nowożeńcy	subst:pl:gen:m1:pt
nowożeńcach	nowożeńcy	subst:pl:loc:m1:pt
niunie	niunia	subst:pl:nom:m1
niunie	niunia	subst:pl:voc:m1
nieprzyjaciół	nieprzyjaciel	subst:pl:acc:m1
nieprzyjaciół	nieprzyjaciel	subst:pl:gen:m1
nieprzeżuwających	nieprzeżuwające	subst:pl:gen:n:pt
nielicznych	nieliczni	subst:pl:acc:m1:pt
nielicznych	nieliczni	subst:pl:gen:m1:pt
nieliczni	nieliczni	subst:pl:nom:m1:pt
nielicznych	nieliczni	subst:pl:loc:m1:pt
nieliczni	nieliczni	subst:pl:voc:m1:pt
nielicznym	nieliczni	subst:pl:dat:m1:pt
nielicznymi	nieliczni	subst:pl:inst:m1:pt
niejednemu	niejedno	subst:sg:dat:n:ncol
niejednego	niejedno	subst:sg:gen:n:ncol
niejednym	niejedno	subst:sg:inst:n:ncol
niejednym	niejedno	subst:sg:loc:n:ncol
niejednemu	niejeden	subst:sg:dat:m1
niejednymi	niejeden	subst:pl:inst:m1
niejedne	niejeden	depr:pl:nom:m2
niejedne	niejeden	depr:pl:voc:m2
niejednych	niejeden	subst:pl:loc:m1
niejednym	niejeden	subst:pl:dat:m1
niejednym	niejeden	subst:sg:inst:m1
niejednych	niejeden	subst:pl:acc:m1
niejednym	niejeden	subst:sg:loc:m1
niejednych	niejeden	subst:pl:gen:m1
niejednego	niejeden	subst:sg:gen:m1
niejednego	niejeden	subst:sg:acc:m1
niebiesiech	niebiosy	subst:pl:loc:n:pt
niebiosa	niebiosy	subst:pl:nom:n:pt
niebiosa	niebiosy	subst:pl:voc:n:pt
niebiosa	niebiosy	subst:pl:acc:n:pt
niebiesiech	niebiosa	subst:pl:loc:n:pt
niebiosów	niebiosa	subst:pl:gen:n:pt
niebiosy	niebiosa	subst:pl:acc:n:pt
niebiosy	niebiosa	subst:pl:voc:n:pt
niebiosy	niebiosa	subst:pl:nom:n:pt
nexii	nexia	subst:sg:loc:f
nexiom	nexia	subst:pl:dat:f
nexii	nexia	subst:sg:dat:f
nexię	nexia	subst:sg:acc:f
nexią	nexia	subst:sg:inst:f
nexiach	nexia	subst:pl:loc:f
nexie	nexia	subst:pl:acc:f
nexiami	nexia	subst:pl:inst:f
nexio	nexia	subst:sg:voc:f
nexii	nexia	subst:sg:gen:f
nexii	nexia	subst:pl:gen:f
nexie	nexia	subst:pl:nom:f
nexie	nexia	subst:pl:voc:f
nasionach	nasienie	subst:pl:loc:n:ncol
nasionami	nasienie	subst:pl:inst:n:ncol
nasionom	nasienie	subst:pl:dat:n:ncol
nasion	nasienie	subst:pl:gen:n:ncol
nasiona	nasienie	subst:pl:acc:n:ncol
nasiona	nasienie	subst:pl:nom:n:ncol
nasiona	nasienie	subst:pl:voc:n:ncol
narzeczonych	narzeczeni	subst:pl:loc:m1:pt
narzeczonym	narzeczeni	subst:pl:dat:m1:pt
narzeczonymi	narzeczeni	subst:pl:inst:m1:pt
narzeczonych	narzeczeni	subst:pl:acc:m1:pt
narzeczonych	narzeczeni	subst:pl:gen:m1:pt
narzeczeni	narzeczeni	subst:pl:voc:m1:pt
narzeczeni	narzeczeni	subst:pl:nom:m1:pt
najwyżsi	najwyższy	subst:pl:nom:m1
najwyżsi	najwyższy	subst:pl:voc:m1
najstarsi	najstarszy	subst:pl:voc:m1
najstarsi	najstarszy	subst:pl:nom:m1
najjaśniejsi	najjaśniejszy	subst:pl:nom:m1
najjaśniejsi	najjaśniejszy	subst:pl:voc:m1
najdrożsi	najdroższy	subst:pl:nom:m1
najdrożsi	najdroższy	subst:pl:voc:m1
naddziadu	naddziad	subst:sg:loc:m1
naddziadu	naddziad	subst:sg:voc:m1
naddziade	naddziad	depr:pl:voc:m2
naddziade	naddziad	depr:pl:nom:m2
młodożeńcach	młodożeńcy	subst:pl:loc:m1:pt
młodożeńcami	młodożeńcy	subst:pl:inst:m1:pt
młodożeńcom	młodożeńcy	subst:pl:dat:m1:pt
młodożeńcy	młodożeńcy	subst:pl:nom:m1:pt
młodożeńcy	młodożeńcy	subst:pl:voc:m1:pt
młodożeńców	młodożeńcy	subst:pl:acc:m1:pt
młodożeńców	młodożeńcy	subst:pl:gen:m1:pt
mopsięciu	mopsię	subst:sg:loc:n:ncol
mopsięciem	mopsię	subst:sg:inst:n:ncol
mopsięciu	mopsię	subst:sg:dat:n:ncol
mopsięta	mopsię	subst:pl:acc:n:ncol
mopsiąt	mopsię	subst:pl:gen:n:ncol
mopsiętami	mopsię	subst:pl:inst:n:ncol
mopsiętom	mopsię	subst:pl:dat:n:ncol
mopsięcia	mopsię	subst:sg:gen:n:ncol
mopsięta	mopsię	subst:pl:nom:n:ncol
mopsięta	mopsię	subst:pl:voc:n:ncol
mopsiętach	mopsię	subst:pl:loc:n:ncol
moniliniów	monilinia	subst:pl:gen:n:pt
moi	moi	subst:pl:voc:m1:pt
moich	moi	subst:pl:gen:m1:pt
moim	moi	subst:pl:dat:m1:pt
moimi	moi	subst:pl:inst:m1:pt
moich	moi	subst:pl:loc:m1:pt
moich	moi	subst:pl:acc:m1:pt
moi	moi	subst:pl:nom:m1:pt
miraluxy	miralux	subst:pl:voc:m3
miraluxy	miralux	subst:pl:nom:m3
miraluxu	miralux	subst:sg:gen:m3
miraluxy	miralux	subst:pl:acc:m3
miraluxie	miralux	subst:sg:loc:m3
miraluxie	miralux	subst:sg:voc:m3
miraluxem	miralux	subst:sg:inst:m3
miraluxom	miralux	subst:pl:dat:m3
miraluxowi	miralux	subst:sg:dat:m3
miraluxów	miralux	subst:pl:gen:m3
miraluxach	miralux	subst:pl:loc:m3
miraluxami	miralux	subst:pl:inst:m3
minisukien	minisuknia	subst:pl:gen:f
miesięcy	miesiąc	subst:pl:gen:m3
metazoów	metazoa	subst:pl:gen:n:pt
metazoom	metazoa	subst:pl:dat:n:pt
metazoach	metazoa	subst:pl:loc:n:pt
metazoami	metazoa	subst:pl:inst:n:pt
matrixie	matrix	subst:sg:voc:m3
matrixom	matrix	subst:pl:dat:m3
matrixie	matrix	subst:sg:loc:m3
matrixem	matrix	subst:sg:inst:m3
matrixowi	matrix	subst:sg:dat:m3
matrixy	matrix	subst:pl:voc:m3
matrixy	matrix	subst:pl:nom:m3
matrixach	matrix	subst:pl:loc:m3
matrixów	matrix	subst:pl:gen:m3
matrixami	matrix	subst:pl:inst:m3
matrixu	matrix	subst:sg:gen:m3
matrixy	matrix	subst:pl:acc:m3
matrixom	matrix	subst:pl:dat:m2
matrixowi	matrix	subst:sg:dat:m2
matrixa	matrix	subst:sg:acc:m2
matrixie	matrix	subst:sg:loc:m2
matrixa	matrix	subst:sg:gen:m2
matrixie	matrix	subst:sg:voc:m2
matrixy	matrix	subst:pl:nom:m2
matrixy	matrix	subst:pl:voc:m2
matrixy	matrix	subst:pl:acc:m2
matrixami	matrix	subst:pl:inst:m2
matrixem	matrix	subst:sg:inst:m2
matrixów	matrix	subst:pl:gen:m2
matrixach	matrix	subst:pl:loc:m2
masmixom	masmix	subst:pl:dat:m3
masmixowi	masmix	subst:sg:dat:m3
masmixów	masmix	subst:pl:gen:m3
masmixu	masmix	subst:sg:gen:m3
masmixie	masmix	subst:sg:loc:m3
masmixie	masmix	subst:sg:voc:m3
masmixami	masmix	subst:pl:inst:m3
masmixy	masmix	subst:pl:nom:m3
masmixy	masmix	subst:pl:acc:m3
masmixy	masmix	subst:pl:voc:m3
masmixem	masmix	subst:sg:inst:m3
masmixach	masmix	subst:pl:loc:m3
maskily	maskil	depr:pl:nom:m2
maskily	maskil	depr:pl:voc:m2
marines	marines	subst:pl:acc:m1:pt
marines	marines	subst:pl:voc:m1:pt
marines	marines	subst:pl:nom:m1:pt
marines	marines	subst:pl:inst:m1:pt
marines	marines	subst:pl:loc:m1:pt
marines	marines	subst:pl:dat:m1:pt
marines	marines	subst:pl:gen:m1:pt
mamuśku	mamuśka	subst:sg:voc:f
malströmu	malström	subst:sg:voc:m3
malströmu	malström	subst:sg:loc:m3
mafiozi	mafiozo	subst:pl:voc:m1
mafiozi	mafiozo	subst:pl:nom:m1
mafiosi	mafioso	subst:pl:nom:m1
mafiosi	mafioso	subst:pl:voc:m1
maaloxach	maalox	subst:pl:loc:m3
maaloxy	maalox	subst:pl:nom:m3
maaloxy	maalox	subst:pl:acc:m3
maaloxy	maalox	subst:pl:voc:m3
maaloxu	maalox	subst:sg:gen:m3
maaloxami	maalox	subst:pl:inst:m3
maaloxów	maalox	subst:pl:gen:m3
maaloxie	maalox	subst:sg:voc:m3
maaloxom	maalox	subst:pl:dat:m3
maaloxem	maalox	subst:sg:inst:m3
maaloxie	maalox	subst:sg:loc:m3
maaloxowi	maalox	subst:sg:dat:m3
lumpexach	lumpex	subst:pl:loc:m3
lumpexy	lumpex	subst:pl:nom:m3
lumpexy	lumpex	subst:pl:voc:m3
lumpexom	lumpex	subst:pl:dat:m3
lumpexowi	lumpex	subst:sg:dat:m3
lumpexie	lumpex	subst:sg:loc:m3
lumpexów	lumpex	subst:pl:gen:m3
lumpexie	lumpex	subst:sg:voc:m3
lumpexu	lumpex	subst:sg:gen:m3
lumpexami	lumpex	subst:pl:inst:m3
lumpexem	lumpex	subst:sg:inst:m3
lumpexy	lumpex	subst:pl:acc:m3
ludu	lud	subst:sg:voc:m3
lowboya	lowboy	subst:sg:gen:m3
liveboxy	livebox	subst:pl:nom:m3
liveboxy	livebox	subst:pl:voc:m3
liveboxowi	livebox	subst:sg:dat:m3
liveboxie	livebox	subst:sg:voc:m3
liveboxom	livebox	subst:pl:dat:m3
liveboxów	livebox	subst:pl:gen:m3
liveboxu	livebox	subst:sg:gen:m3
liveboxem	livebox	subst:sg:inst:m3
liveboxami	livebox	subst:pl:inst:m3
liveboxie	livebox	subst:sg:loc:m3
liveboxach	livebox	subst:pl:loc:m3
liveboxy	livebox	subst:pl:acc:m3
lepidofitie	lepidofit	subst:sg:loc:m3
lepidofitie	lepidofit	subst:sg:voc:m3
lazaniom	lazanie	subst:pl:dat:m1:pt
lazanii	lazanie	subst:pl:gen:m1:pt
lazanie	lazanie	subst:pl:voc:m1:pt
lazanie	lazanie	subst:pl:nom:m1:pt
lazanii	lazanie	subst:pl:acc:m1:pt
lazaniami	lazanie	subst:pl:inst:m1:pt
lazaniach	lazanie	subst:pl:loc:m1:pt
laurowisien	laurowiśnia	subst:pl:gen:f
latawcze	latawiec	subst:sg:voc:m2
lasagni	lasagna	subst:pl:gen:f
lasagni	lasagna	subst:sg:dat:f
lasagni	lasagna	subst:sg:gen:f
lasagni	lasagna	subst:sg:loc:f
lancii	lancia	subst:sg:loc:f
lancii	lancia	subst:sg:gen:f
lancii	lancia	subst:sg:dat:f
lancii	lancia	subst:pl:gen:f
kuchen	kuchnia	subst:pl:gen:f
kraśnięciem	kraśnię	subst:sg:inst:n:ncol
kraśnięciu	kraśnię	subst:sg:dat:n:ncol
kraśnięciu	kraśnię	subst:sg:loc:n:ncol
kraśnięcia	kraśnię	subst:sg:gen:n:ncol
kraśnięta	kraśnię	subst:pl:acc:n:ncol
kraśniąt	kraśnię	subst:pl:gen:n:ncol
kraśnięta	kraśnię	subst:pl:nom:n:ncol
kraśniętom	kraśnię	subst:pl:dat:n:ncol
kraśniętach	kraśnię	subst:pl:loc:n:ncol
kraśniętami	kraśnię	subst:pl:inst:n:ncol
kraśnięta	kraśnię	subst:pl:voc:n:ncol
koziuleńka	koziuleńko	subst:pl:acc:m2
koziuleńka	koziuleńko	subst:pl:nom:m2
koziuleńka	koziuleńko	subst:pl:voc:m2
kostolicych	kostolice	subst:pl:gen:n:pt
kolugów	kolugo	subst:pl:gen:n:ncol
kawaia	kawai	subst:sg:gen:m3
kawaiach	kawai	subst:pl:loc:m3
kawaiami	kawai	subst:pl:inst:m3
kawaie	kawai	subst:pl:acc:m3
kawaiu	kawai	subst:sg:voc:m3
kawaiowi	kawai	subst:sg:dat:m3
kawaiom	kawai	subst:pl:dat:m3
kawaiów	kawai	subst:pl:gen:m3
kawaiem	kawai	subst:sg:inst:m3
kawaie	kawai	subst:pl:nom:m3
kawaiu	kawai	subst:sg:loc:m3
kawaie	kawai	subst:pl:voc:m3
kalokagathiom	kalokagathia	subst:pl:dat:f
kalokagathii	kalokagathia	subst:sg:gen:f
kalokagathii	kalokagathia	subst:sg:dat:f
kalokagathii	kalokagathia	subst:pl:gen:f
kalokagathii	kalokagathia	subst:sg:loc:f
kalokagathie	kalokagathia	subst:pl:voc:f
kalokagathię	kalokagathia	subst:sg:acc:f
kalokagathią	kalokagathia	subst:sg:inst:f
kalokagathiach	kalokagathia	subst:pl:loc:f
kalokagathiami	kalokagathia	subst:pl:inst:f
kalokagathio	kalokagathia	subst:sg:voc:f
kalokagathie	kalokagathia	subst:pl:acc:f
kalokagathie	kalokagathia	subst:pl:nom:f
kakau	kakao	subst:sg:dat:n:ncol
kakale	kakao	subst:sg:loc:n:ncol
kakał	kakao	subst:pl:gen:n:ncol
kabirpanthów	kabirpanthowie	subst:pl:acc:m1:pt
kabirpanthów	kabirpanthowie	subst:pl:gen:m1:pt
kabirpanthowie	kabirpanthowie	subst:pl:nom:m1:pt
kabirpanthowie	kabirpanthowie	subst:pl:voc:m1:pt
kabirpanthami	kabirpanthowie	subst:pl:inst:m1:pt
kabirpanthom	kabirpanthowie	subst:pl:dat:m1:pt
kabirpanthach	kabirpanthowie	subst:pl:loc:m1:pt
jukeboxie	jukebox	subst:sg:loc:m3
jukeboxy	jukebox	subst:pl:nom:m3
jukeboxy	jukebox	subst:pl:voc:m3
jukeboxami	jukebox	subst:pl:inst:m3
jukeboxach	jukebox	subst:pl:loc:m3
jukeboxem	jukebox	subst:sg:inst:m3
jukeboxy	jukebox	subst:pl:acc:m3
jukeboxów	jukebox	subst:pl:gen:m3
jukeboxie	jukebox	subst:sg:voc:m3
jukeboxom	jukebox	subst:pl:dat:m3
jukeboxu	jukebox	subst:sg:gen:m3
jukeboxowi	jukebox	subst:sg:dat:m3
jadźńo	jadźńa	subst:sg:voc:f
jadźńi	jadźńa	subst:sg:loc:f
jadźńi	jadźńa	subst:sg:gen:f
jadźńom	jadźńa	subst:pl:dat:f
jadźńe	jadźńa	subst:pl:nom:f
jadźńe	jadźńa	subst:pl:voc:f
jadźńę	jadźńa	subst:sg:acc:f
jadźńą	jadźńa	subst:sg:inst:f
jadźńi	jadźńa	subst:pl:gen:f
jadźńe	jadźńa	subst:pl:acc:f
jadźńach	jadźńa	subst:pl:loc:f
jadźńami	jadźńa	subst:pl:inst:f
jadźńi	jadźńa	subst:sg:dat:f
igrcach	igrcy	subst:pl:loc:m1:pt
igrcami	igrcy	subst:pl:inst:m1:pt
igrcom	igrcy	subst:pl:dat:m1:pt
igrcy	igrcy	subst:pl:nom:m1:pt
igrcy	igrcy	subst:pl:voc:m1:pt
igrców	igrcy	subst:pl:acc:m1:pt
igrców	igrcy	subst:pl:gen:m1:pt
idej	idea	subst:pl:gen:f
hypotheciów	hypothecium	subst:pl:gen:n:ncol
hypotheciach	hypothecium	subst:pl:loc:n:ncol
hypothecia	hypothecium	subst:pl:voc:n:ncol
hypotheciami	hypothecium	subst:pl:inst:n:ncol
hypothecia	hypothecium	subst:pl:nom:n:ncol
hypothecia	hypothecium	subst:pl:acc:n:ncol
hypotheciom	hypothecium	subst:pl:dat:n:ncol
hydroxom	hydrox	subst:pl:dat:m3
hydroxie	hydrox	subst:sg:loc:m3
hydroxie	hydrox	subst:sg:voc:m3
hydroxowi	hydrox	subst:sg:dat:m3
hydroxami	hydrox	subst:pl:inst:m3
hydroxów	hydrox	subst:pl:gen:m3
hydroxem	hydrox	subst:sg:inst:m3
hydroxy	hydrox	subst:pl:voc:m3
hydroxy	hydrox	subst:pl:nom:m3
hydroxy	hydrox	subst:pl:acc:m3
hydroxu	hydrox	subst:sg:gen:m3
hydroxach	hydrox	subst:pl:loc:m3
hockei	hockey	subst:pl:gen:m3
hockei	hockey	subst:pl:gen:m2
hexach	hex	subst:pl:loc:m2
hexie	hex	subst:sg:loc:m2
hexy	hex	subst:pl:voc:m2
hexami	hex	subst:pl:inst:m2
hexa	hex	subst:sg:gen:m2
hexem	hex	subst:sg:inst:m2
hexie	hex	subst:sg:voc:m2
hexa	hex	subst:sg:acc:m2
hexom	hex	subst:pl:dat:m2
hexów	hex	subst:pl:gen:m2
hexy	hex	subst:pl:acc:m2
hexy	hex	subst:pl:nom:m2
hexowi	hex	subst:sg:dat:m2
herbatoxu	herbatox	subst:sg:gen:m3
herbatoxy	herbatox	subst:pl:nom:m3
herbatoxy	herbatox	subst:pl:acc:m3
herbatoxowi	herbatox	subst:sg:dat:m3
herbatoxie	herbatox	subst:sg:voc:m3
herbatoxom	herbatox	subst:pl:dat:m3
herbatoxów	herbatox	subst:pl:gen:m3
herbatoxie	herbatox	subst:sg:loc:m3
herbatoxem	herbatox	subst:sg:inst:m3
herbatoxy	herbatox	subst:pl:voc:m3
herbatoxach	herbatox	subst:pl:loc:m3
herbatoxami	herbatox	subst:pl:inst:m3
hemosporidiów	hemosporidie	subst:pl:gen:n:pt
główien	głównia	subst:pl:gen:f
głowien	głownia	subst:pl:gen:f
głasnostiach	głasnost	subst:pl:loc:f
głasnostią	głasnost	subst:sg:inst:f
głasnostiom	głasnost	subst:pl:dat:f
głasnostiami	głasnost	subst:pl:inst:f
głasnosti	głasnost	subst:sg:voc:f
głasnosti	głasnost	subst:sg:loc:f
głasnosti	głasnost	subst:pl:nom:f
głasnosti	głasnost	subst:pl:acc:f
głasnosti	głasnost	subst:pl:gen:f
głasnosti	głasnost	subst:pl:voc:f
głasnosti	głasnost	subst:sg:dat:f
głasnosti	głasnost	subst:sg:gen:f
grzebiących	grzebiące	subst:pl:gen:n:pt
gospodarzach	gospodarze	subst:pl:loc:m1:pt
gospodarzom	gospodarze	subst:pl:dat:m1:pt
gospodarzów	gospodarze	subst:pl:gen:m1:pt
gospodarzy	gospodarze	subst:pl:acc:m1:pt
gospodarze	gospodarze	subst:pl:voc:m1:pt
gospodarzy	gospodarze	subst:pl:gen:m1:pt
gospodarzami	gospodarze	subst:pl:inst:m1:pt
gospodarze	gospodarze	subst:pl:nom:m1:pt
glin	glina	subst:pl:gen:m2
glediczii	glediczia	subst:sg:loc:f
glediczii	glediczia	subst:sg:gen:f
glediczii	glediczia	subst:pl:gen:f
glediczii	glediczia	subst:sg:dat:f
ginsengem	ginseng	subst:sg:inst:m3
ginsenge	ginseng	subst:pl:nom:m3
ginsenge	ginseng	subst:pl:acc:m3
ginsenge	ginseng	subst:pl:voc:m3
gańdźe	gańdźa	subst:pl:nom:f
gańdźe	gańdźa	subst:pl:acc:f
gańdźami	gańdźa	subst:pl:inst:f
gańdźą	gańdźa	subst:sg:inst:f
gańdźe	gańdźa	subst:pl:voc:f
gańdźach	gańdźa	subst:pl:loc:f
gańdźom	gańdźa	subst:pl:dat:f
gańdź	gańdźa	subst:pl:gen:f
gańdźi	gańdźa	subst:sg:gen:f
gańdźi	gańdźa	subst:sg:dat:f
gańdźę	gańdźa	subst:sg:acc:f
gańdźi	gańdźa	subst:sg:loc:f
gańdźi	gańdźa	subst:pl:gen:f
gańdźo	gańdźa	subst:sg:voc:f
foczęta	foczę	subst:pl:acc:n:ncol
foczęta	foczę	subst:pl:nom:n:ncol
foczęta	foczę	subst:pl:voc:n:ncol
foczęciu	foczę	subst:sg:dat:n:ncol
foczęciu	foczę	subst:sg:loc:n:ncol
focząt	foczę	subst:pl:gen:n:ncol
foczętami	foczę	subst:pl:inst:n:ncol
foczęcia	foczę	subst:sg:gen:n:ncol
foczęciem	foczę	subst:sg:inst:n:ncol
foczętach	foczę	subst:pl:loc:n:ncol
foczętom	foczę	subst:pl:dat:n:ncol
fluidexów	fluidex	subst:pl:gen:m3
fluidexem	fluidex	subst:sg:inst:m3
fluidexie	fluidex	subst:sg:loc:m3
fluidexach	fluidex	subst:pl:loc:m3
fluidexie	fluidex	subst:sg:voc:m3
fluidexami	fluidex	subst:pl:inst:m3
fluidexom	fluidex	subst:pl:dat:m3
fluidexy	fluidex	subst:pl:voc:m3
fluidexy	fluidex	subst:pl:acc:m3
fluidexy	fluidex	subst:pl:nom:m3
fluidexowi	fluidex	subst:sg:dat:m3
fluidexu	fluidex	subst:sg:gen:m3
fiumarach	fiumare	subst:pl:loc:m1:pt
fiumary	fiumare	subst:pl:acc:m1:pt
fiumarom	fiumare	subst:pl:dat:m1:pt
fiumarów	fiumare	subst:pl:acc:m1:pt
fiumarami	fiumare	subst:pl:inst:m1:pt
fiumare	fiumare	subst:pl:nom:m1:pt
fiumary	fiumare	subst:pl:gen:m1:pt
fiumare	fiumare	subst:pl:voc:m1:pt
fiumarów	fiumare	subst:pl:gen:m1:pt
finansów	finanse	subst:pl:gen:n:pt
fenianami	fenianie	subst:pl:inst:m1:pt
fenianie	fenianie	subst:pl:voc:m1:pt
fenianie	fenianie	subst:pl:nom:m1:pt
fenianom	fenianie	subst:pl:dat:m1:pt
fenianach	fenianie	subst:pl:loc:m1:pt
fenian	fenianie	subst:pl:acc:m1:pt
fenian	fenianie	subst:pl:gen:m1:pt
felicii	felicia	subst:sg:gen:f
felicii	felicia	subst:sg:loc:f
felicii	felicia	subst:pl:gen:f
felicii	felicia	subst:sg:dat:f
faworytie	faworyt	subst:sg:loc:m3
faworytie	faworyt	subst:sg:voc:m3
faworytie	faworyt	subst:sg:voc:m2
faworytie	faworyt	subst:sg:loc:m2
eucrasii	eucrasia	subst:pl:gen:f
eucrasii	eucrasia	subst:sg:dat:f
eucrasii	eucrasia	subst:sg:gen:f
eucrasii	eucrasia	subst:sg:loc:f
esidrexu	esidrex	subst:sg:gen:m3
esidrexy	esidrex	subst:pl:acc:m3
esidrexy	esidrex	subst:pl:nom:m3
esidrexy	esidrex	subst:pl:voc:m3
esidrexami	esidrex	subst:pl:inst:m3
esidrexem	esidrex	subst:sg:inst:m3
esidrexie	esidrex	subst:sg:loc:m3
esidrexie	esidrex	subst:sg:voc:m3
esidrexom	esidrex	subst:pl:dat:m3
esidrexowi	esidrex	subst:sg:dat:m3
esidrexach	esidrex	subst:pl:loc:m3
esidrexów	esidrex	subst:pl:gen:m3
epiloio	epiloia	subst:sg:voc:f
epiloiom	epiloia	subst:pl:dat:f
epiloi	epiloia	subst:pl:gen:f
epiloie	epiloia	subst:pl:nom:f
epiloie	epiloia	subst:pl:acc:f
epiloie	epiloia	subst:pl:voc:f
epiloiach	epiloia	subst:pl:loc:f
epiloi	epiloia	subst:sg:dat:f
epiloi	epiloia	subst:sg:gen:f
epiloiami	epiloia	subst:pl:inst:f
epiloi	epiloia	subst:sg:loc:f
epiloię	epiloia	subst:sg:acc:f
epiloią	epiloia	subst:sg:inst:f
epicediów	epicedion	subst:pl:gen:m3
epicedia	epicedion	subst:pl:nom:m3
epicedia	epicedion	subst:pl:acc:m3
epicedia	epicedion	subst:pl:voc:m3
epicediami	epicedion	subst:pl:inst:m3
epicediom	epicedion	subst:pl:dat:m3
epicediach	epicedion	subst:pl:loc:m3
eleuzynii	eleuzynia	subst:pl:gen:n:pt
eleuzyniów	eleuzynia	subst:pl:gen:n:pt
ekonomiom	ekonomie	subst:pl:dat:n:pt
ekonomii	ekonomie	subst:pl:gen:n:pt
ekonomiach	ekonomie	subst:pl:loc:n:pt
ekonomiami	ekonomie	subst:pl:inst:n:pt
dźwigien	dźwignia	subst:pl:gen:f
duxowie	dux	subst:pl:voc:m1
duxowi	dux	subst:sg:dat:m1
duxie	dux	subst:sg:voc:m1
duxowie	dux	subst:pl:nom:m1
duxie	dux	subst:sg:loc:m1
duxach	dux	subst:pl:loc:m1
duxa	dux	subst:sg:acc:m1
duxa	dux	subst:sg:gen:m1
duxów	dux	subst:pl:acc:m1
duxami	dux	subst:pl:inst:m1
duxy	dux	depr:pl:voc:m2
duxów	dux	subst:pl:gen:m1
duxy	dux	depr:pl:nom:m2
duxom	dux	subst:pl:dat:m1
duxem	dux	subst:sg:inst:m1
dokimasii	dokimasia	subst:pl:gen:f
dokimasii	dokimasia	subst:sg:dat:f
dokimasii	dokimasia	subst:sg:gen:f
dokimasii	dokimasia	subst:sg:loc:f
dobru	dobro	subst:sg:loc:n:ncol
ditoxu	ditox	subst:sg:gen:m3
ditoxy	ditox	subst:pl:acc:m3
ditoxie	ditox	subst:sg:voc:m3
ditoxom	ditox	subst:pl:dat:m3
ditoxy	ditox	subst:pl:voc:m3
ditoxem	ditox	subst:sg:inst:m3
ditoxie	ditox	subst:sg:loc:m3
ditoxach	ditox	subst:pl:loc:m3
ditoxowi	ditox	subst:sg:dat:m3
ditoxami	ditox	subst:pl:inst:m3
ditoxów	ditox	subst:pl:gen:m3
ditoxy	ditox	subst:pl:nom:m3
displai	display	subst:pl:gen:m3
dioskurach	dioskurowie	subst:pl:loc:m1:pt
dioskurowie	dioskurowie	subst:pl:nom:m1:pt
dioskurowie	dioskurowie	subst:pl:voc:m1:pt
dioskurom	dioskurowie	subst:pl:dat:m1:pt
dioskurów	dioskurowie	subst:pl:acc:m1:pt
dioskurów	dioskurowie	subst:pl:gen:m1:pt
dioskurami	dioskurowie	subst:pl:inst:m1:pt
dildach	dildo	subst:pl:loc:m3
dilda	dildo	subst:sg:gen:m3
dildami	dildo	subst:pl:inst:m3
dildem	dildo	subst:sg:inst:m3
dildzie	dildo	subst:sg:loc:m3
dildom	dildo	subst:pl:dat:m3
dilda	dildo	subst:pl:acc:m3
dilda	dildo	subst:pl:nom:m3
dildowi	dildo	subst:sg:dat:m3
dilda	dildo	subst:pl:voc:m3
dildów	dildo	subst:pl:gen:m3
desmidiów	desmidie	subst:pl:gen:n:pt
czynników	czynniki	subst:pl:gen:m1:pt
czynników	czynniki	subst:pl:acc:m1:pt
czynnikom	czynniki	subst:pl:dat:m1:pt
czynnikach	czynniki	subst:pl:loc:m1:pt
czynnikami	czynniki	subst:pl:inst:m1:pt
czynniki	czynniki	subst:pl:nom:m1:pt
czynniki	czynniki	subst:pl:voc:m1:pt
czubki	czubki	subst:pl:nom:m1:pt
czubków	czubki	subst:pl:gen:m1:pt
czubkom	czubki	subst:pl:dat:m1:pt
czubkami	czubki	subst:pl:inst:m1:pt
czubki	czubki	subst:pl:voc:m1:pt
czubków	czubki	subst:pl:acc:m1:pt
czubkach	czubki	subst:pl:loc:m1:pt
cyathiów	cyathium	subst:pl:gen:n:ncol
cyathia	cyathium	subst:pl:acc:n:ncol
cyathiom	cyathium	subst:pl:dat:n:ncol
cyathia	cyathium	subst:pl:nom:n:ncol
cyathia	cyathium	subst:pl:voc:n:ncol
cyathiach	cyathium	subst:pl:loc:n:ncol
cyathiami	cyathium	subst:pl:inst:n:ncol
cierniów	ciernie	subst:pl:gen:n:pt
cicisbea	cicisbeo	depr:pl:voc:m2
cicisbea	cicisbeo	depr:pl:nom:m2
chreie	chreia	subst:pl:acc:f
chreie	chreia	subst:pl:nom:f
chreie	chreia	subst:pl:voc:f
chrei	chreia	subst:sg:loc:f
chreię	chreia	subst:sg:acc:f
chreiami	chreia	subst:pl:inst:f
chrei	chreia	subst:pl:gen:f
chrei	chreia	subst:sg:gen:f
chreio	chreia	subst:sg:voc:f
chreiom	chreia	subst:pl:dat:f
chreią	chreia	subst:sg:inst:f
chrei	chreia	subst:sg:dat:f
chreiach	chreia	subst:pl:loc:f
chorobodni	chorobodzień	subst:pl:voc:m3
chorobodni	chorobodzień	subst:pl:nom:m3
chorobodni	chorobodzień	subst:pl:acc:m3
cardoxach	cardox	subst:pl:loc:m3
cardoxy	cardox	subst:pl:nom:m3
cardoxom	cardox	subst:pl:dat:m3
cardoxem	cardox	subst:sg:inst:m3
cardoxami	cardox	subst:pl:inst:m3
cardoxie	cardox	subst:sg:loc:m3
cardoxowi	cardox	subst:sg:dat:m3
cardoxie	cardox	subst:sg:voc:m3
cardoxy	cardox	subst:pl:voc:m3
cardoxy	cardox	subst:pl:acc:m3
cardoxów	cardox	subst:pl:gen:m3
cardoxu	cardox	subst:sg:gen:m3
calisii	calisia	subst:sg:loc:f
calisii	calisia	subst:sg:gen:f
calisii	calisia	subst:pl:gen:f
calisii	calisia	subst:sg:dat:f
caccii	caccia	subst:pl:gen:f
caccii	caccia	subst:sg:gen:f
caccii	caccia	subst:sg:loc:f
caccii	caccia	subst:sg:dat:f
brodzących	brodzące	subst:pl:gen:n:pt
botoxem	botox	subst:sg:inst:m3
botoxach	botox	subst:pl:loc:m3
botoxie	botox	subst:sg:loc:m3
botoxami	botox	subst:pl:inst:m3
botoxy	botox	subst:pl:voc:m3
botoxy	botox	subst:pl:nom:m3
botoxy	botox	subst:pl:acc:m3
botoxów	botox	subst:pl:gen:m3
botoxu	botox	subst:sg:gen:m3
botoxowi	botox	subst:sg:dat:m3
botoxom	botox	subst:pl:dat:m3
botoxie	botox	subst:sg:voc:m3
bocianowiców	bocianowiec	subst:pl:gen:n:pt
bocianowice	bocianowiec	subst:pl:voc:n:pt
bocianowicom	bocianowiec	subst:pl:dat:n:pt
bocianowice	bocianowiec	subst:pl:nom:n:pt
bocianowice	bocianowiec	subst:pl:acc:n:pt
bocianowicami	bocianowiec	subst:pl:inst:n:pt
bocianowicach	bocianowiec	subst:pl:loc:n:pt
bistrophie	bistropha	subst:sg:loc:f
bistrophie	bistropha	subst:sg:dat:f
bibliopoli	bibliopola	subst:pl:gen:m1
bibliopoli	bibliopola	subst:pl:acc:m1
białejgłowie	białagłowa	subst:sg:dat:f
białągłową	białagłowa	subst:sg:inst:f
białegłowy	białagłowa	subst:pl:nom:f
białejgłowie	białagłowa	subst:sg:loc:f
białegłowy	białagłowa	subst:pl:voc:f
białegłowy	białagłowa	subst:pl:acc:f
białejgłowy	białagłowa	subst:sg:gen:f
białychgłowach	białagłowa	subst:pl:loc:f
białymgłowom	białagłowa	subst:pl:dat:f
białymigłowami	białagłowa	subst:pl:inst:f
białychgłów	białagłowa	subst:pl:gen:f
białągłowę	białagłowa	subst:sg:acc:f
berceuzy	berceuse	subst:sg:gen:f
berceuzy	berceuse	subst:pl:voc:f
berceuzy	berceuse	subst:pl:acc:f
berceuzie	berceuse	subst:sg:dat:f
berceuzo	berceuse	subst:sg:voc:f
berceuzie	berceuse	subst:sg:loc:f
berceuz	berceuse	subst:pl:gen:f
berceuzach	berceuse	subst:pl:loc:f
berceuzami	berceuse	subst:pl:inst:f
berceuzą	berceuse	subst:sg:inst:f
berceuzę	berceuse	subst:sg:acc:f
berceuzom	berceuse	subst:pl:dat:f
berceuzy	berceuse	subst:pl:nom:f
beatboxach	beatbox	subst:pl:loc:m3
beatboxami	beatbox	subst:pl:inst:m3
beatboxy	beatbox	subst:pl:voc:m3
beatboxem	beatbox	subst:sg:inst:m3
beatboxu	beatbox	subst:sg:gen:m3
beatboxy	beatbox	subst:pl:acc:m3
beatboxie	beatbox	subst:sg:voc:m3
beatboxom	beatbox	subst:pl:dat:m3
beatboxowi	beatbox	subst:sg:dat:m3
beatboxie	beatbox	subst:sg:loc:m3
beatboxów	beatbox	subst:pl:gen:m3
beatboxy	beatbox	subst:pl:nom:m3
banderillerzy	banderillero	subst:pl:voc:m1
banderillerzy	banderillero	subst:pl:nom:m1
bambów	bambo	subst:pl:gen:n:ncol
azotoxu	azotox	subst:sg:gen:m3
azotoxy	azotox	subst:pl:acc:m3
azotoxów	azotox	subst:pl:gen:m3
azotoxowi	azotox	subst:sg:dat:m3
azotoxy	azotox	subst:pl:nom:m3
azotoxach	azotox	subst:pl:loc:m3
azotoxami	azotox	subst:pl:inst:m3
azotoxem	azotox	subst:sg:inst:m3
azotoxie	azotox	subst:sg:loc:m3
azotoxie	azotox	subst:sg:voc:m3
azotoxy	azotox	subst:pl:voc:m3
azotoxom	azotox	subst:pl:dat:m3
awansów	awanse	subst:pl:gen:n:pt
arianie	arianie	subst:pl:voc:m1:pt
arianom	arianie	subst:pl:dat:m1:pt
arian	arianie	subst:pl:gen:m1:pt
arianach	arianie	subst:pl:loc:m1:pt
arianami	arianie	subst:pl:inst:m1:pt
arian	arianie	subst:pl:acc:m1:pt
arianie	arianie	subst:pl:nom:m1:pt
archeocjatie	archeocjat	subst:sg:voc:m2
archeocjatie	archeocjat	subst:sg:loc:m2
arborycyom	arborycyd	subst:pl:dat:n:pt
arborycyów	arborycyd	subst:pl:gen:n:pt
arborycyy	arborycyd	subst:pl:acc:n:pt
arborycyy	arborycyd	subst:pl:nom:n:pt
arborycyy	arborycyd	subst:pl:voc:n:pt
arborycyach	arborycyd	subst:pl:loc:n:pt
arborycyami	arborycyd	subst:pl:inst:n:pt
ampexami	ampex	subst:pl:inst:m3
ampexach	ampex	subst:pl:loc:m3
ampexy	ampex	subst:pl:nom:m3
ampexem	ampex	subst:sg:inst:m3
ampexów	ampex	subst:pl:gen:m3
ampexu	ampex	subst:sg:gen:m3
ampexy	ampex	subst:pl:acc:m3
ampexy	ampex	subst:pl:voc:m3
ampexowi	ampex	subst:sg:dat:m3
ampexom	ampex	subst:pl:dat:m3
ampexie	ampex	subst:sg:loc:m3
ampexie	ampex	subst:sg:voc:m3
alaxy	alax	subst:pl:nom:m3
alaxowi	alax	subst:sg:dat:m3
alaxów	alax	subst:pl:gen:m3
alaxu	alax	subst:sg:gen:m3
alaxami	alax	subst:pl:inst:m3
alaxom	alax	subst:pl:dat:m3
alaxie	alax	subst:sg:voc:m3
alaxie	alax	subst:sg:loc:m3
alaxem	alax	subst:sg:inst:m3
alaxach	alax	subst:pl:loc:m3
alaxy	alax	subst:pl:voc:m3
alaxy	alax	subst:pl:acc:m3
akrasii	akrasia	subst:sg:loc:f
akrasii	akrasia	subst:sg:dat:f
akrasii	akrasia	subst:sg:gen:f
akrasii	akrasia	subst:pl:gen:f
ahmadiji	ahmadijja	subst:sg:dat:f
ahmadiji	ahmadijja	subst:sg:gen:f
ahmadiji	ahmadijja	subst:sg:loc:f
Zawiszaków	Zawiszacy	subst:pl:acc:m1:pt
Zawiszaków	Zawiszacy	subst:pl:gen:m1:pt
Zawiszacy	Zawiszacy	subst:pl:nom:m1:pt
Zawiszacy	Zawiszacy	subst:pl:voc:m1:pt
Zawiszakach	Zawiszacy	subst:pl:loc:m1:pt
Zawiszakami	Zawiszacy	subst:pl:inst:m1:pt
Zawiszakom	Zawiszacy	subst:pl:dat:m1:pt
Włoszech	Włochy	subst:pl:loc:n:pt
Włoszech	Włochy	subst:pl:loc:n:pt
Władu	Wład	subst:sg:loc:m1
Władu	Wład	subst:sg:voc:m1
Węgrzech	Węgry	subst:pl:loc:n:pt
Węgrzech	Węgry	subst:pl:loc:n:pt
Wolinian	Wolinianie	subst:pl:acc:m1:pt
Wolinian	Wolinianie	subst:pl:gen:m1:pt
Wolinianach	Wolinianie	subst:pl:loc:m1:pt
Wolinianami	Wolinianie	subst:pl:inst:m1:pt
Wolinianie	Wolinianie	subst:pl:voc:m1:pt
Wolinianie	Wolinianie	subst:pl:nom:m1:pt
Wolinianom	Wolinianie	subst:pl:dat:m1:pt
Wilczem	Wilcze	subst:sg:loc:n:ncol
Wielgiem	Wielgie	subst:sg:inst:n:ncol
Wielgiem	Wielgie	subst:sg:loc:n:ncol
Villardczyków	Villardczycy	subst:pl:gen:m1:pt
Villardczykom	Villardczycy	subst:pl:dat:m1:pt
Villardczyków	Villardczycy	subst:pl:acc:m1:pt
Villardczycy	Villardczycy	subst:pl:nom:m1:pt
Villardczycy	Villardczycy	subst:pl:voc:m1:pt
Villardczykach	Villardczycy	subst:pl:loc:m1:pt
Villardczykami	Villardczycy	subst:pl:inst:m1:pt
Tuvalu	Tuvalu	subst:pl:inst:m1:pt
Tuvalu	Tuvalu	subst:pl:loc:m1:pt
Tuvalu	Tuvalu	subst:pl:acc:m1:pt
Tuvalu	Tuvalu	subst:pl:dat:m1:pt
Tuvalu	Tuvalu	subst:pl:nom:m1:pt
Tuvalu	Tuvalu	subst:pl:voc:m1:pt
Tuvalu	Tuvalu	subst:pl:gen:m1:pt
Trapszy	Trapszo	subst:sg:gen:m1
Trapszy	Trapszo	subst:sg:loc:m1
Trapszy	Trapszo	subst:sg:dat:m1
Trapszę	Trapszo	subst:sg:acc:m1
Trapszą	Trapszo	subst:sg:inst:m1
Toporczyków	Toporczycy	subst:pl:gen:m1:pt
Toporczycy	Toporczycy	subst:pl:voc:m1:pt
Toporczykach	Toporczycy	subst:pl:loc:m1:pt
Toporczykami	Toporczycy	subst:pl:inst:m1:pt
Toporczycy	Toporczycy	subst:pl:nom:m1:pt
Toporczyków	Toporczycy	subst:pl:acc:m1:pt
Toporczykom	Toporczycy	subst:pl:dat:m1:pt
Thommeem	Thommee	subst:sg:inst:m1
Thommeem	Thommee	subst:sg:loc:m1
Telekiowie	Teleki	subst:pl:nom:m1
Telekiowie	Teleki	subst:pl:voc:m1
Takijie	Takiji	depr:pl:nom:m2
Takijie	Takiji	depr:pl:voc:m2
Takijiego	Takiji	subst:sg:acc:m1
Takijiemu	Takiji	subst:sg:dat:m1
Takijiego	Takiji	subst:sg:gen:m1
Takahashiemu	Takahashi	subst:sg:dat:m1
Takahashim	Takahashi	subst:pl:dat:m1
Takahashiego	Takahashi	subst:sg:gen:m1
Takahashim	Takahashi	subst:sg:inst:m1
Takahashiego	Takahashi	subst:sg:acc:m1
Takahashim	Takahashi	subst:sg:loc:m1
Takahashie	Takahashi	depr:pl:nom:m2
Takahashie	Takahashi	depr:pl:voc:m2
Takahashich	Takahashi	subst:pl:acc:m1
Takahashich	Takahashi	subst:pl:gen:m1
Takahashimi	Takahashi	subst:pl:inst:m1
Takahashich	Takahashi	subst:pl:loc:m1
Tagorymi	Tagore	subst:pl:inst:m1
Tagorym	Tagore	subst:pl:dat:m1
Tagorych	Tagore	subst:pl:acc:m1
Tagorych	Tagore	subst:pl:gen:m1
Tagorych	Tagore	subst:pl:loc:m1
Szczodrem	Szczodre	subst:sg:inst:n:ncol
Szczodrem	Szczodre	subst:sg:loc:n:ncol
Suazi	Suazi	subst:pl:acc:m1:pt
Suazi	Suazi	subst:pl:nom:m1:pt
Suazi	Suazi	subst:pl:loc:m1:pt
Suazi	Suazi	subst:pl:voc:m1:pt
Suazi	Suazi	subst:pl:gen:m1:pt
Suazi	Suazi	subst:pl:inst:m1:pt
Suazi	Suazi	subst:pl:dat:m1:pt
Stróż	Stróże	subst:pl:gen:n:pt
Sokolym	Sokole	subst:pl:dat:n:ncol
Sokolymi	Sokole	subst:pl:inst:n:ncol
Sokolych	Sokole	subst:pl:loc:n:ncol
Sokolem	Sokole	subst:sg:loc:n:ncol
Sokolemu	Sokole	subst:sg:dat:n:ncol
Sokolego	Sokole	subst:sg:gen:n:ncol
Sokolych	Sokole	subst:pl:gen:n:ncol
Sharks	Sharks	subst:pl:inst:m1:pt
Sharks	Sharks	subst:pl:dat:m1:pt
Sharks	Sharks	subst:pl:gen:m1:pt
Sharks	Sharks	subst:pl:loc:m1:pt
Sharks	Sharks	subst:pl:nom:m1:pt
Sharks	Sharks	subst:pl:acc:m1:pt
Sharks	Sharks	subst:pl:voc:m1:pt
Senators	Senators	subst:pl:voc:m1:pt
Senators	Senators	subst:pl:nom:m1:pt
Senators	Senators	subst:pl:gen:m1:pt
Senators	Senators	subst:pl:loc:m1:pt
Senators	Senators	subst:pl:inst:m1:pt
Senators	Senators	subst:pl:acc:m1:pt
Senators	Senators	subst:pl:dat:m1:pt
Selyego	Selye	subst:sg:acc:m1
Selyem	Selye	subst:sg:inst:m1
Selyego	Selye	subst:sg:gen:m1
Selyem	Selye	subst:sg:loc:m1
Selyach	Selye	subst:pl:loc:m1
Selyami	Selye	subst:pl:inst:m1
Selyemu	Selye	subst:sg:dat:m1
Selyów	Selye	subst:pl:gen:m1
Selyów	Selye	subst:pl:acc:m1
Selyowie	Selye	subst:pl:voc:m1
Selyom	Selye	subst:pl:dat:m1
Selyowie	Selye	subst:pl:nom:m1
Samarytanie	Samarytanie	subst:pl:nom:m1:pt
Samarytanami	Samarytanie	subst:pl:inst:m1:pt
Samarytanie	Samarytanie	subst:pl:voc:m1:pt
Samarytanach	Samarytanie	subst:pl:loc:m1:pt
Samarytanom	Samarytanie	subst:pl:dat:m1:pt
Samarytan	Samarytanie	subst:pl:acc:m1:pt
Samarytan	Samarytanie	subst:pl:gen:m1:pt
STOCER-ów	STOCER	subst:pl:gen:n:ncol
STOCER-u	STOCER	subst:sg:gen:n:ncol
STOCER-y	STOCER	subst:pl:acc:n:ncol
STOCER-ach	STOCER	subst:pl:loc:n:ncol
STOCER-ami	STOCER	subst:pl:inst:n:ncol
STOCER-em	STOCER	subst:sg:inst:n:ncol
STOCER-om	STOCER	subst:pl:dat:n:ncol
STOCER-owi	STOCER	subst:sg:dat:n:ncol
STOCER-y	STOCER	subst:pl:nom:n:ncol
STOCER-ze	STOCER	subst:sg:loc:n:ncol
STOCER-ze	STOCER	subst:sg:voc:n:ncol
STOCER-y	STOCER	subst:pl:voc:n:ncol
Różanymstokiem	Różanystok	subst:sg:inst:m3
Różanymstokom	Różanystok	subst:pl:dat:m3
Różanymstoku	Różanystok	subst:sg:loc:m3
Różanychstokach	Różanystok	subst:pl:loc:m3
Różanestoki	Różanystok	subst:pl:voc:m3
Różanychstoków	Różanystok	subst:pl:gen:m3
Różanegostoku	Różanystok	subst:sg:gen:m3
Różanemustokowi	Różanystok	subst:sg:dat:m3
Różanestoki	Różanystok	subst:pl:acc:m3
Różanestoki	Różanystok	subst:pl:nom:m3
Różanymistokami	Różanystok	subst:pl:inst:m3
Romea	Romeo	depr:pl:nom:m2
Romea	Romeo	depr:pl:voc:m2
Roi	Roja	subst:sg:gen:m1
Roi	Roja	subst:sg:loc:m1
Roi	Roja	subst:sg:dat:m1
Renemi	Rene	subst:pl:inst:m1
Renem	Rene	subst:pl:dat:m1
Renech	Rene	subst:pl:loc:m1
Renech	Rene	subst:pl:acc:m1
Renech	Rene	subst:pl:gen:m1
PŁ-u	PŁ	subst:sg:voc:m3
PŁ-u	PŁ	subst:sg:loc:m3
Puzi	Puzio	subst:sg:loc:m1
Puzi	Puzio	subst:sg:dat:m1
Puzię	Puzio	subst:sg:acc:m1
Puzi	Puzio	subst:sg:gen:m1
Puzią	Puzio	subst:sg:inst:m1
Prasłowianom	Prasłowianie	subst:pl:dat:m1:pt
Prasłowian	Prasłowianie	subst:pl:acc:m1:pt
Prasłowianie	Prasłowianie	subst:pl:nom:m1:pt
Prasłowianie	Prasłowianie	subst:pl:voc:m1:pt
Prasłowianach	Prasłowianie	subst:pl:loc:m1:pt
Prasłowianami	Prasłowianie	subst:pl:inst:m1:pt
Prasłowian	Prasłowianie	subst:pl:gen:m1:pt
Prai	Praia	subst:sg:loc:f
Praie	Praia	subst:pl:acc:f
Praiom	Praia	subst:pl:dat:f
Prai	Praia	subst:sg:dat:f
Praią	Praia	subst:sg:inst:f
Praie	Praia	subst:pl:nom:f
Praiami	Praia	subst:pl:inst:f
Praiach	Praia	subst:pl:loc:f
Praie	Praia	subst:pl:voc:f
Praio	Praia	subst:sg:voc:f
Praię	Praia	subst:sg:acc:f
Prai	Praia	subst:pl:gen:f
Prai	Praia	subst:sg:gen:f
Pradze	Praha	subst:sg:dat:f
Pradze	Praha	subst:sg:loc:f
Polanie	Polanie	subst:pl:nom:m1:pt
Polanami	Polanie	subst:pl:inst:m1:pt
Polanie	Polanie	subst:pl:voc:m1:pt
Polanom	Polanie	subst:pl:dat:m1:pt
Polan	Polanie	subst:pl:acc:m1:pt
Polan	Polanie	subst:pl:gen:m1:pt
Polanach	Polanie	subst:pl:loc:m1:pt
Pogórzanom	Pogórzanie	subst:pl:dat:m1:pt
Pogórzanie	Pogórzanie	subst:pl:voc:m1:pt
Pogórzanach	Pogórzanie	subst:pl:loc:m1:pt
Pogórzanami	Pogórzanie	subst:pl:inst:m1:pt
Pogórzan	Pogórzanie	subst:pl:acc:m1:pt
Pogórzanie	Pogórzanie	subst:pl:nom:m1:pt
Pogórzan	Pogórzanie	subst:pl:gen:m1:pt
Piszczacy	Piszczac	subst:pl:nom:m3
Piszczacy	Piszczac	subst:pl:acc:m3
Piszczacy	Piszczac	subst:pl:voc:m3
Pii	Pia	subst:sg:loc:f
Pii	Pia	subst:sg:gen:f
Pii	Pia	subst:sg:dat:f
Piom	Pia	subst:pl:dat:f
Pio	Pia	subst:sg:voc:f
Pie	Pia	subst:pl:acc:f
Pie	Pia	subst:pl:voc:f
Piami	Pia	subst:pl:inst:f
Pie	Pia	subst:pl:nom:f
Pii	Pia	subst:pl:gen:f
Piach	Pia	subst:pl:loc:f
Pią	Pia	subst:sg:inst:f
Pię	Pia	subst:sg:acc:f
Petrykóz	Petrykozy	subst:pl:gen:n:pt
Pesze	Pesa	subst:sg:loc:f
Pesze	Pesa	subst:sg:dat:f
Perecy	Perec	depr:pl:voc:m2
Perecy	Perec	depr:pl:nom:m2
Pałukach	Pałukowie	subst:pl:loc:m1:pt
Pałukami	Pałukowie	subst:pl:inst:m1:pt
Pałukom	Pałukowie	subst:pl:dat:m1:pt
Pałukowie	Pałukowie	subst:pl:nom:m1:pt
Pałuków	Pałukowie	subst:pl:gen:m1:pt
Pałukowie	Pałukowie	subst:pl:voc:m1:pt
Papież	Papieże	subst:pl:gen:n:pt
Paavach	Paavo	subst:pl:loc:m1
Paavem	Paavo	subst:sg:inst:m1
Paava	Paavo	subst:sg:acc:m1
Paavie	Paavo	subst:sg:loc:m1
Paavowi	Paavo	subst:sg:dat:m1
Paavów	Paavo	subst:pl:acc:m1
Paavowie	Paavo	subst:pl:nom:m1
Paavom	Paavo	subst:pl:dat:m1
Paavami	Paavo	subst:pl:inst:m1
Paava	Paavo	subst:sg:gen:m1
Paavów	Paavo	subst:pl:gen:m1
Paavy	Paavo	depr:pl:nom:m2
Paavy	Paavo	depr:pl:voc:m2
Paavowie	Paavo	subst:pl:voc:m1
Pagarcie	PAGART	subst:sg:loc:m3
Pagarcie	PAGART	subst:sg:voc:m3
Ostrogscy	Ostrogscy	subst:pl:nom:m1:pt
Ostrogscy	Ostrogscy	subst:pl:voc:m1:pt
Ostrogskich	Ostrogscy	subst:pl:gen:m1:pt
Ostrogskich	Ostrogscy	subst:pl:acc:m1:pt
Ostrogskim	Ostrogscy	subst:pl:dat:m1:pt
Ostrogskimi	Ostrogscy	subst:pl:inst:m1:pt
Ostrogskich	Ostrogscy	subst:pl:loc:m1:pt
Orła	Orzeł	subst:sg:gen:m3
Orły	Orzeł	subst:pl:voc:m3
Orłu	Orzeł	subst:sg:dat:m3
Orle	Orzeł	subst:sg:loc:m3
Orle	Orzeł	subst:sg:voc:m3
Orłów	Orzeł	subst:pl:gen:m3
Orły	Orzeł	subst:pl:acc:m3
Orłem	Orzeł	subst:sg:inst:m3
Orłami	Orzeł	subst:pl:inst:m3
Orłom	Orzeł	subst:pl:dat:m3
Orłach	Orzeł	subst:pl:loc:m3
Orły	Orzeł	subst:pl:nom:m3
Ormian	Ormianie	subst:pl:acc:m1:pt
Ormian	Ormianie	subst:pl:gen:m1:pt
Ormianami	Ormianie	subst:pl:inst:m1:pt
Ormianach	Ormianie	subst:pl:loc:m1:pt
Ormianie	Ormianie	subst:pl:nom:m1:pt
Ormianie	Ormianie	subst:pl:voc:m1:pt
Ormianom	Ormianie	subst:pl:dat:m1:pt
Opolan	Opolanie	subst:pl:gen:m1:pt
Opolanach	Opolanie	subst:pl:loc:m1:pt
Opolanami	Opolanie	subst:pl:inst:m1:pt
Opolanie	Opolanie	subst:pl:nom:m1:pt
Opolanie	Opolanie	subst:pl:voc:m1:pt
Opolan	Opolanie	subst:pl:acc:m1:pt
Opolanom	Opolanie	subst:pl:dat:m1:pt
Obór	Obory	subst:pl:gen:n:pt
Niue	Niue	subst:pl:gen:m1:pt
Niue	Niue	subst:pl:dat:m1:pt
Niue	Niue	subst:pl:inst:m1:pt
Niue	Niue	subst:pl:acc:m1:pt
Niue	Niue	subst:pl:loc:m1:pt
Niue	Niue	subst:pl:nom:m1:pt
Niue	Niue	subst:pl:voc:m1:pt
Ningxiach	Ningxia	subst:pl:loc:f
Ningxiami	Ningxia	subst:pl:inst:f
Ningxią	Ningxia	subst:sg:inst:f
Ningxie	Ningxia	subst:pl:acc:f
Ningxii	Ningxia	subst:sg:loc:f
Ningxii	Ningxia	subst:sg:dat:f
Ningxii	Ningxia	subst:sg:gen:f
Ningxiom	Ningxia	subst:pl:dat:f
Ningxio	Ningxia	subst:sg:voc:f
Ningxie	Ningxia	subst:pl:voc:f
Ningxię	Ningxia	subst:sg:acc:f
Ningxii	Ningxia	subst:pl:gen:f
Ningxie	Ningxia	subst:pl:nom:f
Niemiec	Niemcy	subst:pl:gen:n:pt
Niemczech	Niemcy	subst:pl:loc:n:pt
Niemczech	Niemcy	subst:pl:loc:n:pt
Niemiec	Niemcy	subst:pl:gen:n:pt
Nagyów	Nagy	subst:pl:gen:m1
Nagyu	Nagy	subst:sg:voc:m1
Nagyowie	Nagy	subst:pl:voc:m1
Nagyowie	Nagy	subst:pl:nom:m1
Nagyów	Nagy	subst:pl:acc:m1
Nagyowi	Nagy	subst:sg:dat:m1
Nagyom	Nagy	subst:pl:dat:m1
Nagyach	Nagy	subst:pl:loc:m1
Nagyami	Nagy	subst:pl:inst:m1
Nagye	Nagy	depr:pl:voc:m2
Nagyu	Nagy	subst:sg:loc:m1
Nagye	Nagy	depr:pl:nom:m2
Nagya	Nagy	subst:sg:acc:m1
Nagya	Nagy	subst:sg:gen:m1
Nagyem	Nagy	subst:sg:inst:m1
Nagodziców	Nagodzicowie	subst:pl:gen:m1:pt
Nagodzicowie	Nagodzicowie	subst:pl:nom:m1:pt
Nagodzicom	Nagodzicowie	subst:pl:dat:m1:pt
Nagodzicowie	Nagodzicowie	subst:pl:voc:m1:pt
Nagodziców	Nagodzicowie	subst:pl:acc:m1:pt
Nagodzicach	Nagodzicowie	subst:pl:loc:m1:pt
Nagodzicami	Nagodzicowie	subst:pl:inst:m1:pt
Montekiowie	Monteki	subst:pl:nom:m1
Montekiowie	Monteki	subst:pl:voc:m1
Mokrem	Mokre	subst:sg:inst:n:ncol
Mokrem	Mokre	subst:sg:loc:n:ncol
Mishe	Misha	depr:pl:voc:m2
Mishy	Misha	subst:sg:dat:m1
Mishe	Misha	depr:pl:nom:m2
Mishy	Misha	subst:sg:loc:m1
Meszarosu	Meszaros	subst:sg:voc:m1
Meszarose	Meszaros	depr:pl:nom:m2
Meszarose	Meszaros	depr:pl:voc:m2
Meszarosu	Meszaros	subst:sg:loc:m1
Mantegni	Mantegna	subst:sg:gen:m1
Mantegni	Mantegna	subst:sg:loc:m1
Mantegni	Mantegna	subst:sg:dat:m1
Mangghj	Manggha	subst:pl:gen:f
Mangghi	Manggha	subst:sg:loc:f
Mangghi	Manggha	subst:sg:gen:f
Mangghe	Manggha	subst:pl:voc:f
Mangghi	Manggha	subst:pl:gen:f
Mangghi	Manggha	subst:sg:dat:f
Mangghe	Manggha	subst:pl:acc:f
Mangghe	Manggha	subst:pl:nom:f
Maduzią	Maduzia	subst:sg:inst:m1
Maduzie	Maduzia	depr:pl:nom:m2
Maduzie	Maduzia	depr:pl:voc:m2
Maduzię	Maduzia	subst:sg:acc:m1
Maduziom	Maduzia	subst:pl:dat:m1
Maduziami	Maduzia	subst:pl:inst:m1
Maduzi	Maduzia	subst:sg:dat:m1
Maduziu	Maduzia	subst:sg:voc:m1
Maduzi	Maduzia	subst:sg:gen:m1
Maduzi	Maduzia	subst:sg:loc:m1
Maduziów	Maduzia	subst:pl:acc:m1
Maduziów	Maduzia	subst:pl:gen:m1
Maduziach	Maduzia	subst:pl:loc:m1
Maduziowie	Maduzia	subst:pl:nom:m1
Maduziowie	Maduzia	subst:pl:voc:m1
Mackenziem	Mackenzie	subst:sg:inst:m1
Mackenziem	Mackenzie	subst:sg:loc:m1
Mackenziemi	Mackenzie	subst:pl:inst:m1
Mackenziemu	Mackenzie	subst:sg:dat:m1
Mackenziem	Mackenzie	subst:pl:dat:m1
Mackenziech	Mackenzie	subst:pl:loc:m1
Mackenziech	Mackenzie	subst:pl:acc:m1
Mackenziego	Mackenzie	subst:sg:acc:m1
Mackenziech	Mackenzie	subst:pl:gen:m1
Mackenziego	Mackenzie	subst:sg:gen:m1
Lole	Lolo	subst:pl:nom:m1
Lole	Lolo	subst:pl:voc:m1
Lindym	Linde	subst:pl:dat:m1
Lindymi	Linde	subst:pl:inst:m1
Lindych	Linde	subst:pl:loc:m1
Lindych	Linde	subst:pl:acc:m1
Lindych	Linde	subst:pl:gen:m1
Lea	Leo	depr:pl:voc:m2
Lea	Leo	depr:pl:nom:m2
Leliwici	Leliwici	subst:pl:nom:m1:pt
Leliwici	Leliwici	subst:pl:voc:m1:pt
Leliwitach	Leliwici	subst:pl:loc:m1:pt
Leliwitom	Leliwici	subst:pl:dat:m1:pt
Leliwitami	Leliwici	subst:pl:inst:m1:pt
Leliwitów	Leliwici	subst:pl:acc:m1:pt
Leliwitów	Leliwici	subst:pl:gen:m1:pt
Krasnegostawu	Krasnystaw	subst:sg:gen:m3
Krasnemustawowi	Krasnystaw	subst:sg:dat:m3
Krasnymistawami	Krasnystaw	subst:pl:inst:m3
Krasnymstawem	Krasnystaw	subst:sg:inst:m3
Krasnestawy	Krasnystaw	subst:pl:voc:m3
Krasnychstawach	Krasnystaw	subst:pl:loc:m3
Krasnychstawów	Krasnystaw	subst:pl:gen:m3
Krasnestawy	Krasnystaw	subst:pl:nom:m3
Krasnymstawie	Krasnystaw	subst:sg:loc:m3
Krasnestawy	Krasnystaw	subst:pl:acc:m3
Krasnymstawom	Krasnystaw	subst:pl:dat:m3
Kościeszów	Kościeszowie	subst:pl:gen:m1:pt
Kościeszom	Kościeszowie	subst:pl:dat:m1:pt
Kościeszowie	Kościeszowie	subst:pl:nom:m1:pt
Kościeszach	Kościeszowie	subst:pl:loc:m1:pt
Kościeszowie	Kościeszowie	subst:pl:voc:m1:pt
Kościeszami	Kościeszowie	subst:pl:inst:m1:pt
Kościeszów	Kościeszowie	subst:pl:acc:m1:pt
Kóz	Kozy	subst:pl:gen:n:pt
Korsz	Korsze	subst:pl:gen:n:pt
Kodalyami	Kodaly	subst:pl:inst:m1
Kodalye	Kodaly	depr:pl:nom:m2
Kodalyów	Kodaly	subst:pl:gen:m1
Kodalyu	Kodaly	subst:sg:voc:m1
Kodalyu	Kodaly	subst:sg:loc:m1
Kodalyach	Kodaly	subst:pl:loc:m1
Kodalye	Kodaly	depr:pl:voc:m2
Kodalyowie	Kodaly	subst:pl:voc:m1
Kodalya	Kodaly	subst:sg:acc:m1
Kodalyów	Kodaly	subst:pl:acc:m1
Kodalyem	Kodaly	subst:sg:inst:m1
Kodalyom	Kodaly	subst:pl:dat:m1
Kodalya	Kodaly	subst:sg:gen:m1
Kodalyowi	Kodaly	subst:sg:dat:m1
Kodalyowie	Kodaly	subst:pl:nom:m1
Kobylych	Kobyle	subst:pl:gen:n:ncol
Kobylych	Kobyle	subst:pl:loc:n:ncol
Kobylym	Kobyle	subst:pl:dat:n:ncol
Kobylego	Kobyle	subst:sg:gen:n:ncol
Kobylem	Kobyle	subst:sg:loc:n:ncol
Kobylemu	Kobyle	subst:sg:dat:n:ncol
Kobylymi	Kobyle	subst:pl:inst:n:ncol
Kobayashich	Kobayashi	subst:pl:acc:m1
Kobayashich	Kobayashi	subst:pl:gen:m1
Kobayashich	Kobayashi	subst:pl:loc:m1
Kobayashim	Kobayashi	subst:sg:inst:m1
Kobayashim	Kobayashi	subst:sg:loc:m1
Kobayashimi	Kobayashi	subst:pl:inst:m1
Kobayashiego	Kobayashi	subst:sg:gen:m1
Kobayashiemu	Kobayashi	subst:sg:dat:m1
Kobayashie	Kobayashi	depr:pl:nom:m2
Kobayashie	Kobayashi	depr:pl:voc:m2
Kobayashim	Kobayashi	subst:pl:dat:m1
Kobayashiego	Kobayashi	subst:sg:acc:m1
Kamasz	Kamasze	subst:pl:gen:n:pt
Kalinek	Kalinka	subst:pl:gen:m2
Krricie	KRRiT	subst:sg:voc:m3
Krricie	KRRiT	subst:sg:loc:m3
Joszui	Joszua	subst:sg:gen:m1
Joshui	Joshua	subst:sg:gen:m1
Jezusu	Jezus	subst:sg:voc:m1
Jezusu	Jezus	subst:sg:loc:m1
Jezior	Jeziora	subst:pl:gen:n:pt
Jeszui	Jeszua	subst:sg:gen:m1
Jehoszui	Jehoszua	subst:sg:gen:m1
Jaworzniaków	Jaworzniacy	subst:pl:gen:m1:pt
Jaworzniakami	Jaworzniacy	subst:pl:inst:m1:pt
Jaworzniakach	Jaworzniacy	subst:pl:loc:m1:pt
Jaworzniacy	Jaworzniacy	subst:pl:voc:m1:pt
Jaworzniakom	Jaworzniacy	subst:pl:dat:m1:pt
Jaworzniaków	Jaworzniacy	subst:pl:acc:m1:pt
Jaworzniacy	Jaworzniacy	subst:pl:nom:m1:pt
Islanders	Islanders	subst:pl:voc:m1:pt
Islanders	Islanders	subst:pl:inst:m1:pt
Islanders	Islanders	subst:pl:loc:m1:pt
Islanders	Islanders	subst:pl:acc:m1:pt
Islanders	Islanders	subst:pl:dat:m1:pt
Islanders	Islanders	subst:pl:nom:m1:pt
Islanders	Islanders	subst:pl:gen:m1:pt
Indrie	Indra	subst:sg:loc:m1
Indrie	Indra	subst:sg:dat:m1
Hurricanes	Hurricanes	subst:pl:loc:m1:pt
Hurricanes	Hurricanes	subst:pl:nom:m1:pt
Hurricanes	Hurricanes	subst:pl:gen:m1:pt
Hurricanes	Hurricanes	subst:pl:inst:m1:pt
Hurricanes	Hurricanes	subst:pl:voc:m1:pt
Hurricanes	Hurricanes	subst:pl:acc:m1:pt
Hurricanes	Hurricanes	subst:pl:dat:m1:pt
Hibneraze	Hibnera	subst:sg:voc:m1
Hibneraze	Hibnera	subst:sg:loc:m1
Hibneraowie	Hibnera	subst:pl:voc:m1
Hibneraów	Hibnera	subst:pl:acc:m1
Hibneraów	Hibnera	subst:pl:gen:m1
Hibneraowie	Hibnera	subst:pl:nom:m1
Hibneraom	Hibnera	subst:pl:dat:m1
Hibneraowi	Hibnera	subst:sg:dat:m1
Hibneray	Hibnera	depr:pl:nom:m2
Hibneraach	Hibnera	subst:pl:loc:m1
Hibneraami	Hibnera	subst:pl:inst:m1
Hibneraa	Hibnera	subst:sg:gen:m1
Hibneray	Hibnera	depr:pl:voc:m2
Hibneraem	Hibnera	subst:sg:inst:m1
Hibneraa	Hibnera	subst:sg:acc:m1
Hercy	Herc	depr:pl:nom:m2
Hercy	Herc	depr:pl:voc:m2
Harmęż	Harmęże	subst:pl:gen:n:pt
Grzymalici	Grzymalici	subst:pl:voc:m1:pt
Grzymalici	Grzymalici	subst:pl:nom:m1:pt
Grzymalitów	Grzymalici	subst:pl:gen:m1:pt
Grzymalitom	Grzymalici	subst:pl:dat:m1:pt
Grzymalitami	Grzymalici	subst:pl:inst:m1:pt
Grzymalitach	Grzymalici	subst:pl:loc:m1:pt
Grzymalitów	Grzymalici	subst:pl:acc:m1:pt
Gryfitami	Gryfici	subst:pl:inst:m1:pt
Gryfitom	Gryfici	subst:pl:dat:m1:pt
Gryfitów	Gryfici	subst:pl:acc:m1:pt
Gryfitach	Gryfici	subst:pl:loc:m1:pt
Gryfitów	Gryfici	subst:pl:gen:m1:pt
Gryfici	Gryfici	subst:pl:nom:m1:pt
Gryfici	Gryfici	subst:pl:voc:m1:pt
Gozdawici	Gozdawici	subst:pl:nom:m1:pt
Gozdawici	Gozdawici	subst:pl:voc:m1:pt
Gozdawitom	Gozdawici	subst:pl:dat:m1:pt
Gozdawitami	Gozdawici	subst:pl:inst:m1:pt
Gozdawitów	Gozdawici	subst:pl:acc:m1:pt
Gozdawitów	Gozdawici	subst:pl:gen:m1:pt
Gozdawitach	Gozdawici	subst:pl:loc:m1:pt
Giedroyciowie	Giedroyc	subst:pl:nom:m1
Giedroycie	Giedroyc	depr:pl:nom:m2
Giedroyciowi	Giedroyc	subst:sg:dat:m1
Giedroyciowie	Giedroyc	subst:pl:voc:m1
Giedroyciami	Giedroyc	subst:pl:inst:m1
Giedroyciach	Giedroyc	subst:pl:loc:m1
Giedroycie	Giedroyc	depr:pl:voc:m2
Giedroyciom	Giedroyc	subst:pl:dat:m1
Giedroyciem	Giedroyc	subst:sg:inst:m1
Giedroycia	Giedroyc	subst:sg:gen:m1
Giedroyciów	Giedroyc	subst:pl:acc:m1
Giedroyciu	Giedroyc	subst:sg:voc:m1
Giedroyciów	Giedroyc	subst:pl:gen:m1
Giedroyciu	Giedroyc	subst:sg:loc:m1
Giedroycia	Giedroyc	subst:sg:acc:m1
Gidel	Gidle	subst:pl:gen:n:pt
Gargantui	Gargantua	subst:sg:gen:m1
Garcii	Garcia	subst:sg:dat:m1
Garcii	Garcia	subst:sg:gen:m1
Garcii	Garcia	subst:sg:loc:m1
Galicii	Galicia	subst:sg:dat:f
Galicii	Galicia	subst:pl:gen:f
Galicii	Galicia	subst:sg:gen:f
Galicii	Galicia	subst:sg:loc:f
Gadu	Gad	subst:sg:voc:m1
Gadu	Gad	subst:sg:loc:m1
Frycy	Fryc	depr:pl:nom:m2
Frycy	Fryc	depr:pl:voc:m2
Esterhazyowie	Esterhazy	subst:pl:nom:m1
Esterhazyowie	Esterhazy	subst:pl:voc:m1
Esterhazyego	Esterhazy	subst:sg:gen:m1
Esterhazyego	Esterhazy	subst:sg:acc:m1
Esterhazye	Esterhazy	depr:pl:nom:m2
Esterhazye	Esterhazy	depr:pl:voc:m2
Esterhazyemu	Esterhazy	subst:sg:dat:m1
Długiem	Długie	subst:sg:inst:n:ncol
Długiem	Długie	subst:sg:loc:n:ncol
Dębien	Dębno	subst:pl:gen:n:ncol
Działyńczycy	Działyńczycy	subst:pl:nom:m1:pt
Działyńczycy	Działyńczycy	subst:pl:voc:m1:pt
Działyńczykach	Działyńczycy	subst:pl:loc:m1:pt
Działyńczykami	Działyńczycy	subst:pl:inst:m1:pt
Działyńczykom	Działyńczycy	subst:pl:dat:m1:pt
Działyńczyków	Działyńczycy	subst:pl:acc:m1:pt
Działyńczyków	Działyńczycy	subst:pl:gen:m1:pt
Dziadoszanami	Dziadoszanie	subst:pl:inst:m1:pt
Dziadoszanach	Dziadoszanie	subst:pl:loc:m1:pt
Dziadoszanie	Dziadoszanie	subst:pl:nom:m1:pt
Dziadoszanie	Dziadoszanie	subst:pl:voc:m1:pt
Dziadoszan	Dziadoszanie	subst:pl:gen:m1:pt
Dziadoszan	Dziadoszanie	subst:pl:acc:m1:pt
Dziadoszanom	Dziadoszanie	subst:pl:dat:m1:pt
Dunganie	Dunganie	subst:pl:nom:m1:pt
Dunganie	Dunganie	subst:pl:voc:m1:pt
Dunganom	Dunganie	subst:pl:dat:m1:pt
Dunganami	Dunganie	subst:pl:inst:m1:pt
Dungan	Dunganie	subst:pl:acc:m1:pt
Dungan	Dunganie	subst:pl:gen:m1:pt
Dunganach	Dunganie	subst:pl:loc:m1:pt
Drewlanami	Drewlanie	subst:pl:inst:m1:pt
Drewlanie	Drewlanie	subst:pl:nom:m1:pt
Drewlan	Drewlanie	subst:pl:gen:m1:pt
Drewlanach	Drewlanie	subst:pl:loc:m1:pt
Drewlanie	Drewlanie	subst:pl:voc:m1:pt
Drewlanom	Drewlanie	subst:pl:dat:m1:pt
Drewlan	Drewlanie	subst:pl:acc:m1:pt
Dobrem	Dobre	subst:sg:loc:n:ncol
Dobrem	Dobre	subst:sg:inst:n:ncol
Dionizych	Dionizowie	subst:pl:loc:m1:pt
Dionizym	Dionizowie	subst:pl:dat:m1:pt
Dionizych	Dionizowie	subst:pl:acc:m1:pt
Dionizych	Dionizowie	subst:pl:gen:m1:pt
Dionizymi	Dionizowie	subst:pl:inst:m1:pt
Dionizowie	Dionizowie	subst:pl:nom:m1:pt
Dionizowie	Dionizowie	subst:pl:voc:m1:pt
Dezyderowie	Dezyderowie	subst:pl:nom:m1:pt
Dezyderowie	Dezyderowie	subst:pl:voc:m1:pt
Dezyderych	Dezyderowie	subst:pl:acc:m1:pt
Dezyderych	Dezyderowie	subst:pl:gen:m1:pt
Dezyderych	Dezyderowie	subst:pl:loc:m1:pt
Dezyderym	Dezyderowie	subst:pl:dat:m1:pt
Dezyderymi	Dezyderowie	subst:pl:inst:m1:pt
Depardieuego	Depardieu	subst:sg:acc:m1
Depardieuego	Depardieu	subst:sg:gen:m1
Depardieuemu	Depardieu	subst:sg:dat:m1
Depardieue	Depardieu	depr:pl:nom:m2
Depardieue	Depardieu	depr:pl:voc:m2
Dembowie	Demby	subst:pl:voc:m1
Dembowie	Demby	subst:pl:nom:m1
Delerue’owi	Delerue	subst:sg:dat:m1
Delerue’ami	Delerue	subst:pl:inst:m1
Delerue’owie	Delerue	subst:pl:voc:m1
Delerue’y	Delerue	depr:pl:nom:m2
Delerue՗w	Delerue	subst:pl:acc:m1
Delerue’y	Delerue	depr:pl:voc:m2
Delerue՗w	Delerue	subst:pl:gen:m1
Delerue’ach	Delerue	subst:pl:loc:m1
Delerue’a	Delerue	subst:sg:acc:m1
Delerue’a	Delerue	subst:sg:gen:m1
Delerze	Delerue	subst:sg:loc:m1
Delerue’em	Delerue	subst:sg:inst:m1
Delerue’om	Delerue	subst:pl:dat:m1
Delerze	Delerue	subst:sg:voc:m1
Delerue’owie	Delerue	subst:pl:nom:m1
Damazych	Damazowie	subst:pl:loc:m1:pt
Damazym	Damazowie	subst:pl:dat:m1:pt
Damazowie	Damazowie	subst:pl:voc:m1:pt
Damazych	Damazowie	subst:pl:acc:m1:pt
Damazowie	Damazowie	subst:pl:nom:m1:pt
Damazych	Damazowie	subst:pl:gen:m1:pt
Damazymi	Damazowie	subst:pl:inst:m1:pt
Czyżamfizbene	Czyżamfizben	depr:pl:nom:m2
Czyżamfizbene	Czyżamfizben	depr:pl:voc:m2
Czyżamfizbenu	Czyżamfizben	subst:sg:voc:m1
Chyżanie	Chyżanie	subst:pl:voc:m1:pt
Chyżan	Chyżanie	subst:pl:acc:m1:pt
Chyżan	Chyżanie	subst:pl:gen:m1:pt
Chyżanach	Chyżanie	subst:pl:loc:m1:pt
Chyżanami	Chyżanie	subst:pl:inst:m1:pt
Chyżanom	Chyżanie	subst:pl:dat:m1:pt
Chyżanie	Chyżanie	subst:pl:nom:m1:pt
Charliech	Charlie	subst:pl:acc:m1
Charliech	Charlie	subst:pl:gen:m1
Charliech	Charlie	subst:pl:loc:m1
Charliem	Charlie	subst:sg:loc:m1
Charliemi	Charlie	subst:pl:inst:m1
Charliemu	Charlie	subst:sg:dat:m1
Charliego	Charlie	subst:sg:acc:m1
Charliego	Charlie	subst:sg:gen:m1
Charliem	Charlie	subst:pl:dat:m1
Charliem	Charlie	subst:sg:inst:m1
Chacie	ChAT	subst:sg:loc:m2
ChAT-em	ChAT	subst:sg:inst:m2
ChAT-u	ChAT	subst:sg:gen:m2
ChAT-owi	ChAT	subst:sg:dat:m2
ChAT-u	ChAT	subst:sg:acc:m2
Chacie	ChAT	subst:sg:voc:m2
Calisii	Calisia	subst:sg:dat:f
Calisii	Calisia	subst:sg:gen:f
Calisii	Calisia	subst:sg:loc:f
COBOL-ów	COBOL	subst:pl:gen:m3
COBOL-a	COBOL	subst:sg:gen:m3
CB-radiiem	CB-radio	subst:sg:inst:n:ncol
Bystrem	Bystre	subst:sg:inst:n:ncol
Bystrem	Bystre	subst:sg:loc:n:ncol
Burdzych	Burdza	subst:pl:loc:f
Burdzym	Burdza	subst:pl:dat:f
Burdzych	Burdza	subst:pl:gen:f
Burdzej	Burdza	subst:sg:loc:f
Burdzej	Burdza	subst:sg:gen:f
Burdzą	Burdza	subst:sg:acc:f
Burdzymi	Burdza	subst:pl:inst:f
Burdzej	Burdza	subst:sg:dat:f
Buczem	Bucze	subst:sg:loc:n:ncol
Brzeziach	Brzezie	subst:pl:loc:n:pt
Brzeziami	Brzezie	subst:pl:inst:n:pt
Brzezi	Brzezie	subst:pl:gen:n:pt
Brzeziom	Brzezie	subst:pl:dat:n:pt
Bronisz	Bronisze	subst:pl:gen:n:pt
Broadwayy	Broadway	subst:pl:acc:m3
Broadwayy	Broadway	subst:pl:gen:m3
Broadwayy	Broadway	subst:pl:nom:m3
Broadwayy	Broadway	subst:pl:voc:m3
Borussii	Borussia	subst:pl:gen:f
Borussii	Borussia	subst:sg:dat:f
Borussii	Borussia	subst:sg:gen:f
Borussii	Borussia	subst:sg:loc:f
Bogoriom	Bogoriowie	subst:pl:dat:m1:pt
Bogoriowie	Bogoriowie	subst:pl:nom:m1:pt
Bogoriami	Bogoriowie	subst:pl:inst:m1:pt
Bogoriowie	Bogoriowie	subst:pl:voc:m1:pt
Bogoriów	Bogoriowie	subst:pl:acc:m1:pt
Bogoriach	Bogoriowie	subst:pl:loc:m1:pt
Bogoriów	Bogoriowie	subst:pl:gen:m1:pt
Boglarczyków	Boglarczycy	subst:pl:gen:m1:pt
Boglarczyków	Boglarczycy	subst:pl:acc:m1:pt
Boglarczykom	Boglarczycy	subst:pl:dat:m1:pt
Boglarczycy	Boglarczycy	subst:pl:voc:m1:pt
Boglarczycy	Boglarczycy	subst:pl:nom:m1:pt
Boglarczykach	Boglarczycy	subst:pl:loc:m1:pt
Boglarczykami	Boglarczycy	subst:pl:inst:m1:pt
Blanquich	Blanqui	subst:pl:acc:m1
Blanquich	Blanqui	subst:pl:gen:m1
Blanquich	Blanqui	subst:pl:loc:m1
Blanquiego	Blanqui	subst:sg:gen:m1
Blanquie	Blanqui	depr:pl:voc:m2
Blanquiemu	Blanqui	subst:sg:dat:m1
Blanquiego	Blanqui	subst:sg:acc:m1
Blanquimi	Blanqui	subst:pl:inst:m1
Blanquim	Blanqui	subst:pl:dat:m1
Blanquie	Blanqui	depr:pl:nom:m2
Blanquim	Blanqui	subst:sg:inst:m1
Blanquim	Blanqui	subst:sg:loc:m1
Barrés’mu	Barrés	subst:sg:dat:m1
Barrés’m	Barrés	subst:sg:loc:m1
Barrés’go	Barrés	subst:sg:acc:m1
Barrés’go	Barrés	subst:sg:gen:m1
Barrés’m	Barrés	subst:sg:inst:m1
Bandtkim	Bandtkie	subst:pl:dat:m1
Bahio	Bahia	subst:sg:voc:f
Bahii	Bahia	subst:sg:gen:f
Bahii	Bahia	subst:pl:gen:f
Bahie	Bahia	subst:pl:voc:f
Bahie	Bahia	subst:pl:acc:f
Bahiach	Bahia	subst:pl:loc:f
Bahii	Bahia	subst:sg:loc:f
Bahii	Bahia	subst:sg:dat:f
Bahią	Bahia	subst:sg:inst:f
Bahie	Bahia	subst:pl:nom:f
Bahiom	Bahia	subst:pl:dat:f
Bahię	Bahia	subst:sg:acc:f
Bahiami	Bahia	subst:pl:inst:f
Austro-Węgrzech	Austro-Węgry	subst:pl:loc:n:pt
Austro-Węgrzech	Austro-Węgry	subst:pl:loc:n:pt
Askji	Askja	subst:sg:gen:m3
Askjach	Askja	subst:pl:loc:m3
Askjami	Askja	subst:pl:inst:m3
Askją	Askja	subst:sg:inst:m3
Askję	Askja	subst:sg:acc:m3
Askji	Askja	subst:sg:loc:m3
Askji	Askja	subst:sg:dat:m3
Askjo	Askja	subst:sg:voc:m3
Askjom	Askja	subst:pl:dat:m3
Araguaio	Araguaia	subst:sg:voc:f
Araguai	Araguaia	subst:sg:dat:f
Araguai	Araguaia	subst:sg:gen:f
Araguaię	Araguaia	subst:sg:acc:f
Araguaią	Araguaia	subst:sg:inst:f
Araguai	Araguaia	subst:sg:loc:f
Apolliny	Apollo	depr:pl:voc:m2
Apolliny	Apollo	depr:pl:nom:m2
Apollinowi	Apollo	subst:sg:dat:m1
Apollinie	Apollo	subst:sg:loc:m1
Apollinie	Apollo	subst:sg:voc:m1
Apollinom	Apollo	subst:pl:dat:m1
Apollinowie	Apollo	subst:pl:nom:m1
Apollinach	Apollo	subst:pl:loc:m1
Apollinami	Apollo	subst:pl:inst:m1
Apollinem	Apollo	subst:sg:inst:m1
Apollina	Apollo	subst:sg:acc:m1
Apollinowie	Apollo	subst:pl:voc:m1
Apollina	Apollo	subst:sg:gen:m1
Apollinów	Apollo	subst:pl:acc:m1
Apollinów	Apollo	subst:pl:gen:m1
Antioquio	Antioquia	subst:sg:voc:f
Antioquii	Antioquia	subst:pl:gen:f
Antioquiom	Antioquia	subst:pl:dat:f
Antioquii	Antioquia	subst:sg:dat:f
Antioquii	Antioquia	subst:sg:loc:f
Antioquii	Antioquia	subst:sg:gen:f
Antioquie	Antioquia	subst:pl:acc:f
Antioquie	Antioquia	subst:pl:nom:f
Antioquią	Antioquia	subst:sg:inst:f
Antioquiach	Antioquia	subst:pl:loc:f
Antioquie	Antioquia	subst:pl:voc:f
Antioquiami	Antioquia	subst:pl:inst:f
Antioquię	Antioquia	subst:sg:acc:f
Antiguj	Antigua	subst:pl:gen:f
Antigue	Antigua	subst:pl:nom:f
Antigue	Antigua	subst:pl:voc:f
Antigue	Antigua	subst:pl:acc:f
Anouilhe	Anouilh	depr:pl:nom:m2
Anouilhe	Anouilh	depr:pl:voc:m2
Andrém	André	subst:sg:loc:m1
Andrém	André	subst:sg:inst:m1
Andrému	André	subst:sg:dat:m1
Andrégo	André	subst:sg:acc:m1
Andrégo	André	subst:sg:gen:m1
Ambrożowie	Ambrożowie	subst:pl:nom:m1:pt
Ambrożowie	Ambrożowie	subst:pl:voc:m1:pt
Ambrożych	Ambrożowie	subst:pl:acc:m1:pt
Ambrożych	Ambrożowie	subst:pl:gen:m1:pt
Ambrożych	Ambrożowie	subst:pl:loc:m1:pt
Ambrożym	Ambrożowie	subst:pl:dat:m1:pt
Ambrożymi	Ambrożowie	subst:pl:inst:m1:pt
Aldridge’a	Aldridge	subst:sg:gen:m3
Adolfów	Adolfowie	subst:pl:gen:m1:pt
Adolfów	Adolfowie	subst:pl:acc:m1:pt
Adolfami	Adolfowie	subst:pl:inst:m1:pt
Adolfom	Adolfowie	subst:pl:dat:m1:pt
Adolfowie	Adolfowie	subst:pl:nom:m1:pt
Adolfowie	Adolfowie	subst:pl:voc:m1:pt
Adolfach	Adolfowie	subst:pl:loc:m1:pt
Adasiowie	Adasiowie	subst:pl:voc:m1:pt
Adasiów	Adasiowie	subst:pl:acc:m1:pt
Adasiów	Adasiowie	subst:pl:gen:m1:pt
Adasiach	Adasiowie	subst:pl:loc:m1:pt
Adasiami	Adasiowie	subst:pl:inst:m1:pt
Adasiom	Adasiowie	subst:pl:dat:m1:pt
Adasiowie	Adasiowie	subst:pl:nom:m1:pt
Adamowie	Adamowie	subst:pl:voc:m1:pt
Adamów	Adamowie	subst:pl:acc:m1:pt
Adamów	Adamowie	subst:pl:gen:m1:pt
Adamowie	Adamowie	subst:pl:nom:m1:pt
Adamach	Adamowie	subst:pl:loc:m1:pt
Adamami	Adamowie	subst:pl:inst:m1:pt
Adamom	Adamowie	subst:pl:dat:m1:pt
Aconcaguj	Aconcagua	subst:pl:gen:f
Aconcague	Aconcagua	subst:pl:voc:f
Aconcague	Aconcagua	subst:pl:nom:f
Aconcague	Aconcagua	subst:pl:acc:f
Abenceragów	Abenceragowie	subst:pl:gen:m1:pt
Abenceragów	Abenceragowie	subst:pl:acc:m1:pt
Abenceragowie	Abenceragowie	subst:pl:voc:m1:pt
Abenceragowie	Abenceragowie	subst:pl:nom:m1:pt
Abenceragom	Abenceragowie	subst:pl:dat:m1:pt
Abenceragami	Abenceragowie	subst:pl:inst:m1:pt
Abenceragach	Abenceragowie	subst:pl:loc:m1:pt
AA	AA	subst:pl:voc:m1:pt
AA	AA	subst:pl:nom:m1:pt
AA	AA	subst:pl:loc:m1:pt
AA	AA	subst:pl:inst:m1:pt
AA	AA	subst:pl:gen:m1:pt
AA	AA	subst:pl:dat:m1:pt
AA	AA	subst:pl:acc:m1:pt

